,textOriginal,cluster
0,Im sorry I'm Indonesia,3
1,American English,4
2,thanks a lot teacherâ¤,1
3,American,4
4,"Australians: Truck ğŸš›, Lolly ğŸ¬, Cookie ğŸª, Jumper, Eggplant ğŸ†.

3 x ğŸ‡ºğŸ‡¸
1 x ğŸ‡¬ğŸ‡§
1 x ğŸ‡¦ğŸ‡º",0
5,Justa learning 1000 words but after minutes forget 999 words ğŸ˜®,1
6,Candy* United States/me calamelo*cuba,0
7,the last one was a dildo,3
8,I said toffeeğŸ˜‚,3
9,And what about chocolateğŸ˜‚,3
11,"There is no such thing as an ""American"" accent. Its very regional",4
12,Working with Americans and Canadians who'll exploit you unless you're a top professional.  This is rubbish Marina. Stick to your English.,4
13,The last one I was watching with my brother and he said that girl is sus,3
14,If chips are fries in uk then is fries chips in uk,0
16,Who the hell is calling it an aubergine?,2
17,"Dear foreigner, do not let the media mislead you about what is happening... Gaza has been under siege for eight days. There is no food, no water, no electricity, and no internet. Children and women are brutally bo*bed every day, hospitals declare that they are unable to absorb The huge number of wo*nded and marty*s...Israel is committing a crim*e against humanity ...and under the eyes of the whole world... And for the ones looking for the truth check @motaz_azaiza @saleh_aljafarawi @ahmedhijazee",3
18,"Hello, please read this ğŸ™ğŸ» This is what is happening in  Pal,est!ne kids are ki. lled here people are defending what is theirs innocent souls are  mu. rd/ered ! They're letting them star""ve to de*a th no water no electricity no food this is barb, aric !  please check these pages and you will see what the western media are hiding from you : @motaz_azaiza @eye.on.palestine  @ahmedhijazee @saleh_aljafarawi STAND WITH PAL,EST!NE and make people see the truth of the bru,tal behaviour of Isr:ael!!! âœŠğŸ»",3
20,"I was born in Syria
Yes I do have one brother
Every Friday and sometimes in Saturday and Thursday
I would like to see you marina
I would like to visit USA",1
22,Very cute Emily â¤,1
23,As a German this is one of the few times I hear a foreigner actually speaking German well. ğŸ˜…ğŸ‘,4
25,Iâ€™m British but I got two British onesâ€¦,4
27,since entrepreneur is taken from French it's really easy for me x),1
29,I fail the last one,3
30,"America:eggplant
British:aubergine
Me:pp",2
31,Me when I'm a mixture of both ğŸ˜‚,3
32,It's similar to French,0
33,"American people:eggplant
Me:dick",2
34,BRUH IM QUATER AMERICA. I SPEAK BOTH LOL,4
35,In Romania is not eggplant is Dick,2
36,"America: candy
British: sweets
My mom: diabetes",0
37,Last he I thought in American she is gonna say penis,4
38,Finally an English speaker that I can understand jajjajajaj thanks for the slangâ¤ï¸,1
39,"Hello, Marina) i have been learning english for 3 years maybe and  now i have b1-b2 level and when i started it was in 2019 year, my level was A1, and now i proud of myself in somthing degreeğŸ˜Š",1
43,"Your face ,,,make some kind of positive attraction,,,the vibe energy bla bla ğŸ¤“ğŸ˜‚,,,informative,,,try differentiating the sentences â€¦âœ¨",1
44,seriously ! i do say this word all the timeğŸ˜‚ğŸ˜‚ğŸ˜‚ğŸ˜‚,3
45,Itâ€™s not only British people who say stuff like that. Itâ€™s kind of sad that Britain get more of the credit about what we both say,4
47,POV my bff explaining English for me because the teacher is confusing,1
48,Who hate british ğŸ‘‡,4
49,"I want to work abroad, have friends from different countries, change my life for the better and show everyone who thinks I'm incapable to achive mygoals , that I'm capable to get my goals.",1
50,"British: Aubergine
American: Eggplant
India: Baigannn ğŸ˜‚ğŸ˜‚",2
51,I did not not know cactus,3
53,I am half British and Half American ğŸ¤¦â˜ ï¸â˜ ï¸ğŸ’€ğŸ’€,4
54,"American :eggplant
British:Aubergine
Bharati/Indian: favourite subject
Aai,baiganğŸ˜‚ğŸ˜‚

Indians will get it",2
57,I speak british,4
59,mam how i can get scalarship in the usa different universities,1
60,Brinjal left the chat,3
61,"American eggplant 
British peni",2
63,Welcome to the USA ğŸ‡ºğŸ‡¸ we donâ€™t play around here.,4
64,TofeeğŸ’€,3
65,Indians - where am i,4
66,your accent is very clear  ..many many thank you mam,4
68,"America = eggplant 
Britisherers= I forgot 
Me= baigan",2
70,"Americans:Eggplant 
 Britishers: Aubergine 
 Le me:Then what brinjal? ğŸ¤”ğŸ˜…",2
71,Bal shoye spaseeba,3
73,How apply school visa,1
75,American ğŸ‡ºğŸ‡¸,4
77,But last one was thanosğŸ†ğŸ†ğŸ†,3
78,"American: cookie
British: biscuit
Indian:biscut
in my house: bicu
ğŸ‘‡",0
79,"American: Eggplant
British: Aubergine




*Me: Di-*",2
80,this makes me feel worse. I donâ€™t want to spend the rest of my life with a shitty Spanish teacher who expects me to be fluent and doesnâ€™t even give a shit abt my mental health. im terrified of Spanish like I think i have spanish class phobia (im being serious)ğŸ˜,1
81,Me who said bringalğŸ˜…,3
82,"The Homework :
first sentence: for 2 years      second sentence: since 2021",3
83,Tips to understand TV news mÃ¡ster Teacher please .,1
84,"Americans:eggplant
British:aubergine 
Me:umm it's an uhh peni",2
85,"American:candy
British:Sweets
Me:lolly",0
87,He lives in 13 long street. I'm visiting my grandma at a hospital. I like traveling in a train. This is my answer.,3
88,"American- pacifier 
Australia- dummy ğŸ’€",4
89,Do Moscot Lemtosh pronunciation please..Tq.,3
90,I said cash at the first one,3
91,"I decided to follow this plan 
Thank u sm ğŸ’“",1
92,Indians who use bothğŸ˜ğŸ˜,4
93,Im 100% American,4
94,ğŸ˜‚ğŸ˜‚ğŸ˜‚ğŸ˜‚ğŸ˜‚ğŸ˜‚ğŸ˜‚ğŸ˜‚Go the best love you so much forever and I think it was love,3
97,"Brithish: abeurgene
American: eggplant
2024: penis",2
99,"I am Indian so 
Truck ğŸš›
Toffee ğŸ¬ 
Biscuit ğŸª
Sweater ğŸ‘•(my grandma calls it swater)
Brinjal ğŸ†",0
100,In germany its ğŸ†aubergine,3
101,"American: Trash can
British: Dust bin


Meanwhile ME: Trash bin ğŸ˜‚ğŸ˜…",4
102,I really appreciate the way you explain clearly every object in your kitchen with a sense of fun â¤,1
103,With cookies and biscuit in British usually if itâ€™s a hard biscuit itâ€™s a biscuit but a soft one is a cookie,0
104,"I am form ğŸ‡®ğŸ‡³ and ur too distinctive  ,cordial person",3
105,"Ameican: eggplant 
British: Aubergine
My language: Di-",2
106,Me who said toffe,3
107,Croastant ğŸ˜‚ğŸ˜‚ğŸ˜‚ğŸ˜‚,3
110,How mean are you,3
111,Im from mongoliağŸ˜‚,4
113,lol i speak american english :),4
115,"Me:
TruckğŸ‡ºğŸ‡¸
CandyğŸ‡ºğŸ‡¸
CookieğŸ‡ºğŸ‡¸
JumperğŸ‡¬ğŸ‡§
AubergineğŸ‡¬ğŸ‡§",3
116,"American:candy
British:sweet

Me:toffee",0
117,"American: eggplant
Britishers: Aubergine
Me(Indian): brinjal ğŸ˜‚
American: candy
Britishers: sweet
Me(Indian): choclate ğŸ˜‚",2
118,both,3
119,we bengali like to mix it up we calll them torch light,0
120,And what if i from Hungary? ğŸ‡­ğŸ‡º,4
121,American:sweater      British:jumper         Me:clothesğŸ’€,4
123,"American: eggplant
British: aubergine
Indonesian: terONGğŸ—¿",2
124,Ok i speak both ğŸ—¿,3
126,Its fresh FROIZZ,3
127,Thank you Marina I am from uzbekistan I am a great fan of yours,1
128,"Amrican-Eggplant 
British-aubergine
Me-Dick,nunnu,lulli",2
130,Thats not a sweet nor candy ITS A LOLLY,0
131,Why I found myself in both? damn,3
132,"In last we Indians call it brinjal but I thought dirty and it was 
D......
I......
DISH IN ITS LONG FORM ğŸ˜‚ğŸ˜‚
WHAT DID YOU THINK YOU UNHOLY CHILD ğŸ˜‚ğŸ˜‚ğŸ˜‚",0
133,I love  english language,4
134,us  Indians just do be dominating ğŸ˜…ğŸ˜‚ we speak both ğŸ˜,4
135,Unique representation of ideation in TOEFL and GMAT,3
137,puppy calf calf calf calf kitten,3
140,im american but i thought im british never mind!,4
142,I'm British,4
143,We call it brinjal in India then what english is itğŸ˜®ğŸ˜®ğŸ˜®ğŸ˜®,3
144,No it's bin in Britain,0
145,I say all in Tamil  because  that is my mother language ğŸ˜ŠğŸ˜…,3
146,Am I the one that said di-,3
147,"In india
Trucck
Toffe
Biscuth
Shuter
Bhata",0
150,Thanks so muchâ¤,1
152,"American:eggplant
British :aubergine 
Me: p***s",2
153,American + British + hindi = Indian ğŸ˜…ğŸ˜…ğŸ˜‚,4
154,I called that purple thing and avocado,0
156,I am watching from India.,3
157,"American=egg plant
British=aubergine 
Indian=brinjal ğŸ˜…",2
158,Me : brinjal ( but still i speak American English),4
159,I  was  gna  say  the  worlds  biggest  gyat  DI-,3
160,I have coherent planning for my startup.,1
161,"Hey Marina,
If you are dare enough confront with me.",3
162,In my school we learn British English and I knew half of these,4
163,who said u can make up british accents,4
164,Thank you very much for the very informative lesson!,1
165,ğŸ˜¢Save the people of Palestine ğŸ‡µğŸ‡¸,3
166,"America: eggplant
British: aubergine 

Me: DIC-",2
167,Me telling candy tophy just indian things..,0
168,"People who said tofee and bringal
ğŸ‘‡",3
169,American English,4
170,Who say American English ğŸ‘‰ğŸ»,4
172,Australians:,4
173,Getting all of these questions right from her gives me a confidence boost!,1
174,100% AmericanğŸ˜‚,3
177,"My list;
Money
Truck
Trainers
Band aid
French fries",0
179,Im supposed to speak british but i speak american,4
182,I'm new subscriber mam. And thank you so much for best teaching.,1
183,"Iâ€™m an Australian, which means we usually follow British English, but I say all Americanâ€¦ ğŸ˜­ğŸ˜­",4
184,"Please read this ğŸ™
The Isra*li occupation, a fact even acknowledged by Israel*s, traces back to 1948 when the Balfour Declaration of 1917 pledged support for a Jewish national home in Palest*ne. This historical context is essential to understanding the plight of Palest*n*ans. For over 70 years, Palest*n*ans have endured displacement, restricted movement, and lived under harsh conditions. The term â€œapartheidâ€ aptly describes the segregation and discrimination they face in their own land, marked by numerous Isra*li checkpoints. Despite countless peaceful attempts, oppression persists, leading to further land loss and human suffering. Itâ€™s important to note that Ham*as, often a focus of international attention, emerged as a response to active resistance against this enduring injustice. If you trying to feel sorry for Israel*s today I hope you felt sorry for Palest*n*ans for the past 70 years ğŸ™. Give the people their homes and country back.ğŸ™",3
186,Indians: toffee,0
187,Thank you so much for the information and I really want to study in United States of America,1
188,Mate an indian and i speak british fluently and am 9ğŸ˜‚ğŸ˜‚ğŸ˜‚ğŸ˜‚ğŸ˜‚,4
192,"I have a problem. 
When i read, or write english i can understand perfectly, but is hard to me to understand people talking",1
193,"English - eggplant
British - Aubergine


Me - brinjal ğŸ˜…ğŸ˜‚",2
194,"Im an aussie and only 1 of them were right

Cucumber  
Torch
Bin
Servo
Phone",0
195,"Cucumber 
Torch
Bin
Petrol station
Phone",0
196,I am from Malaysian,4
197,Nice.  Teacher,1
198,"I said money instead of bill, but anyways I speak American English",4
201,"Today she's gonna go her home on croissant, sleep onto croissant,  take shower with that croissant and marry with croissantğŸ¥ğŸ˜…ğŸ˜‚",3
203,"no cause I said:
money and shoes",3
204,Nice.  Teacher,1
205,"American :eggplant 
British: aubergine







Me: brinjalğŸ˜…",2
206,Thanks for the phrases it was really helpful.,1
208,"in canada i call it a bill, truck, running shoes, and fresh fries SHOUT OUT TO THE BELGIANS!!",0
209,"I didnÂ´t delete that line of my comment, this media thing did that",3
210,"Great question Marina! I think that technology is making a revolution not only in the way we learn -or even are ""necessary"" as human beings- but only in the political and power system: to whom we confer authority and why?. I think self-conscious people, with a critical mind and self-discipline values and desire to get better, will always defend their rights to speak by themselves, and think by themselves. Technology doesnÂ´t replace our right to think by ourselves. I think that smart self conscious people will always want to learn and acquire foreign languages by themselves to expand their horizons and consciousness. Maybe with the help -assistance of technlogy as a training tool-, never replacing the ability to think by themselves and learning from other human beings. We human beings create the language, and we are the ones that make them evolve, technology is only a tool. But that said, for those people that are lazy, don't care to think by themselves, and blindly trust technology, well, yes, they are just going to use apps. The other people, we are going to continue exercising our brains, imagination and emotions.",1
211,"Her: Bill/Note
Me: ""Money, Cash, Buckarooes""",3
212,I was scared for the eggplant one ğŸ˜‚,2
213,"thank you ,  from Sri Lanka",1
214,"""Petrol"" that means peppa pig is British ğŸ’€",0
215,"Native English speaker here. US born and raised, and I think it's really cool all the different accents. Almost all of the time, native speakers will understand you just fine. Don't be ashamed of your accent. Try to speak clearly, but no reason to try super hard to cover it up all the time.",4
216,"American: trash can
British: dustbin
me: trash bin",0
217,"English is my second language, I always get confused between American and British English",4
218,B2-C1 but i have a lot to learn,1
219,No the biscuit i actually a cookie things like custard creams are biscuits,0
220,"American: Eggplant
British: Aubergine 
Me: Dick",2
221,Iâ€™m feeling the lack of Australian here. Ours is a mix of both but Australia always gets left out like hello our first language is English too,4
222,bruh im from Philipines im supposed to speak tagalog so im english american if thats how you call,4
223,"Please read this ğŸ™
The Israeli occupation, a fact even acknowledged by Israelis, traces back to 1948 when the Balfour Declaration of 1917 pledged support for a Jewish national home in Palestine. This historical context is essential to understanding the plight of Palestinians. For over 70 years, Palestinians have endured displacement, restricted movement, and lived under harsh conditions. The term â€œapartheidâ€ aptly describes the segregation and discrimination they face in their own land, marked by numerous Israeli checkpoints. Despite countless peaceful attempts, oppression persists, leading to further land loss and human suffering. Itâ€™s important to note that Hamas, often a focus of international attention, emerged as a response to active resistance against this enduring injustice. If you trying to feel sorry for Israelis today I hope you felt sorry for Palestinians for the past 70 years ğŸ‡µğŸ‡¸ğŸ™. Give the people their homes and country back.ğŸ‡µğŸ‡¸ğŸ™",1
224,I appreciate you My Beautiful teacher,1
226,What will happen if they donâ€™t reply with di are u goin to die lol,3
229,@linguamarina Hey this is completely unrelated but how can you stay fitğŸ˜Š,1
230,Who saw the eggplant first....,2
232,I really said penis,3
234,the first one was a cucumber,0
235,POV ur dirty minded and something else comes to mind for the last oneğŸ˜…ğŸ˜…,3
238,This is telling I need to keep practicing. Thank u Marina ğŸ˜Š,1
239,That is not a sweater or a thing itâ€™s a hoodieğŸ’…ğŸ¼,3
240,IAM extremly happy to follow you my daughter IAM 60years i adore english IAM mroccan,1
241,POV ur Australian- lollies :),4
242,american english for mr,4
243,5/5 America OHH YEAH AMERICAN ğŸ‡ºğŸ‡¸ SWEET HIME AMERICA ğŸ‡ºğŸ‡¸ ğŸ‡ºğŸ‡¸ ğŸ‡ºğŸ‡¸,4
244,nobody gone say: i ate aubergine taste candy with biscuits and then fell in to the lorry and found a jumper,0
245,Both,3
246,Im Nigerian we got colonized by england so we have same English but i was raised in America so i call it both,4
247,American,4
252,Nice my friend good,3
254,This is my gifts for youâ¤ my friend,3
258,THIS IS A CUCUMBER ğŸ¥’ THIS IS A ZUCCHINI ğŸ .. NO ITS NOT YOU MADE ME LOSE BRAINCELLS,0
259,Amerakin english,4
261,"very important : crucial, vital, indespensable 
very smart: clever , intelligent ,brilliant
very bad; awful, horrendous , 
very big; tremendous, huge, massive , 
very easy : straightforward, handy,",1
262,I ain't even American or British am South African,4
265,"i LOVE YOU, MARINA! OMG. I WAS A SUBSCRIBER WHEN YOU WERE JUST STARTING. I CAN'T BELIEVE THAT YOU'RE NOW 8.9M STRONG!! IT FEELS TOUCHING TO SEE YOUR GROWTH!!",1
266,Whyâ€™s my life so confusing ğŸ˜¢ Iâ€™m from Saudi America Pakistan  and Iâ€™m British but I say mostly America barely speak Arabic ğŸ˜… live in saudi and my accent is kinda weird towards British sometimes but in English ğŸ˜¢,4
267,You're amazing teacher let me clap for her ğŸ‘,1
268,"Americans: candy 
Uk: sweets
Arabs:halwa",0
270,i could make with you every tests in this world which you want,1
272,I am American ğŸ˜Š,4
273,"1: Truck 

2: candy 

3: cookie 

4: sweater ( wtf is jumper  ğŸ’€ ) 

5: Dick",0
274,"Very Good Information You Give, Thank you , keep it up all the best.  I Am  from Pakistan.",1
275,wishing my daughter a fabulous birthday,1
276,why did i call the sweet a lollie,0
277,British is better,4
278,Cookie is same and cand evryt is same so,0
280,"American english 
ğŸ‘‡",4
281,"American: cookie 
British: biscuit 

India: biscut",0
282,In india they call it the petrol station thats why i picked petrol station instead of gas station but all the other ones i got americanğŸ˜‚,0
283,"Hi , Marina. You are a good teacher",1
284,"Her : what's this?
Me : Money ğŸ¤”",3
285,Can you do some series of lessons to prepare for ilets exam in an amazing playlist as usual â¤ï¸â¤ï¸â¤ï¸ we always trust you ğŸ¥ºğŸ¤ğŸ¤ I love u so much ğŸ’‹â™¥ï¸â™¥ï¸ğŸ©¹ from Algeria ğŸ‡©ğŸ‡¿â™“,1
286,"them : Zucchini/Courgette ğŸ˜Š
Me : Cucumber ğŸ˜³







honestly tho it doesnâ€™t look like a zucchini or a courgetteğŸ˜‚ğŸ˜‚ğŸ˜‚",0
287,"American says - candy 
British says. - sweet 

Indians say's - chocolate /toffee",0
288,"19:20 should it not be ""will have ALREADY started"", though?",3
290,May I get the pdf link of this book?,1
291,I have an Australian accent so I say sweeta not sweeterrrr,4
292,"ahh so cringe thats not a biscuit
we also call that cookie...",0
293,"American: eggplant
British: aubergine
And me: bigan",2
295,It's kind of hard,3
296,"Thats not a biscuit thats a cookie
We dont call bicuits and cookies both biscuits",0
298,"In California it is called, ""CRAHW-SAWNT.""",0
299,"we all thougt it would be, yk wht",3
300,british is not a language you are speaking woerd english,4
301,"The kid who is internet addicted


First one FAT 

Second one TAM POT

Third one cookie

Fourth one SWEAT

Last one DIC-",0
302,Nope Indian English,4
304,INDIAN people have mixed english  british/ american,4
305,English ofc,4
306,"American eggplant 
Britiah au ergine 
Me: d*ck",2
309,American English,4
311,"Thank you so much Marina for this video.
In this i leaned few things like try to think in English without translating from your mother tongue.
Talk to people in English.
Name the objects every day to 
see.
Talk to yourself in English without thinking about others.
Try to follow one person, watch his or her content videos daily.
Make a videos of you talking in English.
And lot more ğŸ™ğŸ™",1
313,I'm 100% American,4
315,"Le me

ğŸ¥’ - Cumuber
ğŸ”¦ - Torch
ğŸ—‘ï¸ - Dust bin
â›½ - Petrol bunk
ğŸ“± - Phone",3
317,"Hi dear how do you do I was very busy so that I couldn't able to watched your channel one nice friend too askec with me what's up me. More overi listened lot of channel which British accent is good my vote is only for British accent. In case in future if I born in the world I should born in British only because of which is best ancient language (accent) known. As for I know American is the peep through guys  why am I saying this from the last 10 days war has been started in the mean while American president said, "" That war should be raised because who is gathering all over 40 countries in the world indeed if started like this 3rd world War will be raised so that I pray should not raised the war again so everyone should pray with God as this  dearâ¤",4
319,"Why did i hear "" a virgin """,3
320,I speak EnglishğŸ˜… but kinda I say sweets or candy lol â¤,0
321,I say brinjal instead of aubergine and eggplant,2
322,I'm un india and say british,4
323,"American:eggplant 
British:aubergine 
Me: is that a di**",2
326,Really fascinating video......... Happy for this video.  ... Futhermore you helped me a lot,1
328,Why does everyone think that people from the UK say biscuit we only say biscuit if itâ€™s a biscuit we say cookie like everyone else if itâ€™s a normal cookie iâ€™m just sick of hearing this,0
329,"American= zucckini
British=courgette
Me=cucumber",4
330,How should people know about a town in the uk when most people around me think of Europe as a country,4
331,Hi your video is significantly mesmerizing moreover i adore it...... Thank you,1
332,Thank you,1
334,You forgot other major English speaking countries like Australia,4
335,"American:Eggplant
British:Aubergine


Me: di- i mean Brinjal...",2
336,"How i answer it:
1st:cucumber
2nd:flashlight
3rd:trash can
4th:gas station
5th:phone",0
338,The best teacher â¤,1
339,So I am an American born in India,4
340,Nice I am from Bihar India but I like your all video,1
341,"Americans:trash can
Me:my exğŸ’€",4
344,I just realized that i speak both of them i guess i need to go back to my English class now ğŸ˜,3
345,So easy!,1
346,"Ppl ho said cucumber in the first one


             ğŸ‘‡",0
347,Last one is a D-,3
351,ğŸ˜‚ğŸ˜‚ i thought it is your babyğŸ˜‚ğŸ˜‚ it is not a croissant it is monster croissant,0
352,"truck
tofee
biscuit and cookie
shirt or sweater (depends)
eggplant",0
353,All American,4
355,"American:Eggplant
British:Aubergine 
Me:Pen-",2
356,You speak German very well ğŸ‰ congrats I am learning German also â¤,1
358,"american: eggplant
british: aubergine
me: talong",2
360,"American- Sweater
British- Jumper
Me- Jacket",4
363,ho is fir last say dick,3
364,I AM CROATIJA,3
365,"Hello , from Morocco, I am Ahmed learning English make powerful and changing my mindset by have different cultures from other civilizations",4
367,"In Britian, biscuits are only the ones without chocolate or anything. We still call chocolate cookies, cookies.",0
370,"American: eggplan
Great British Aubergine

Me:penut butur",2
372,Your channel is so helpfull thank you so much,1
374,"Truck 
Toffee 
Biscuit 
Sweatet 
Brinjal",0
376,I am British coz I am sgğŸ˜Š,4
377,Im Indian so i dont know the difference between british and American,4
378,How about Iâ€™m interested in making crafts,1
379,U speak only American EnglishğŸ˜Š,4
380,My mom says biscuts,0
381,I speak American ğŸ˜‚â¤,4
382,"Ohh my god last one is hard to pronounce for me 

I learn American English",4
383,For one test I have a question. Ä°s ''If James were'' or ''If James was'' ?,3
384,You are a champion Marina Thank you!,1
385,Last one was not eggplant or aubergine it is Thanos,2
387,"â¤Finally got it
Thanx a lot",3
389,"People who said last one Brinjal
ğŸ‘‡",3
390,"Hello Marina, I am so grateful for this meditation, which made it very peaceful to face obstructions in the way of TOEFL learning. Thanks, relistening once a day and keep away from anxiety.ğŸ˜…",1
392,"American : eggplant
British: aubergine 
Le me : brinjal ğŸ¥´",2
396,Im American but i just say aubergine cuz its fun to say,2
397,"person A: Is this bag yours?
Person B: Yes, that's mine.
In this conversation, why did person B use 'that'? Because bag is near to him. I think he should have used 'this'.
please explain the concept.",3
399,Why would you made the sound of knocking? Lol,3
400,itâ€™s not the croissant is huge but itâ€™s she got downsized,3
402,All right,3
404,Very helpful video â¤â¤,1
405,"I love your teaching so much.
I love Both accent so much. 
I follow both mam. 
Thank you so much mam.
Excellent Explanation.",1
408,THE LAST ONE WAS DOC,3
409,Im finnish im still good at american english,4
410,Thanks linguamaria cause i learnt british from your channel,4
411,He went to Hungary in 1990,3
412,"Help, why did I say ""Shoe"" instead of sneakers or trainers?????????????????",3
413,I'm from Malaysia,4
414,I thought the eggplant one was penis,2
416,"Excuse me , would you mind doing me a fevor",3
417,"Excuse me ,would you mind doing me a favor",3
418,Candy,0
419,"Hello, I'm from the Philippines â¤ï¸",4
420,"I'm in English class and we say ""sweater"" and also ""jumper"";",3
421,what is  been  to and  ing  different,3
422,A Canada so I say those things in French,4
423,"I am from Afghanistan, and right now I am in the United States and I was this watching you",4
424,This is a good way to talk.... for beginners like me...â¤,1
425,Cati isnt tricky at all,3
426,maâ€™am that is a fleece,3
427,I will kaonashi those food in belly to get my money worthğŸ˜‚ğŸ˜‚ğŸ˜‚ğŸ˜‚ğŸ˜‚ğŸ˜‚ğŸ˜‚ğŸ˜‚,3
428,Become American English,4
429,That are balls,3
431,"We did not need this tutorial lool..that's a bad friend, you have been corrupted, she must have been jel",1
433,"""AcccccctuAAAAly it's a crispy chocolate chip biscuit, the first one is a vehicle or more accurately it's a vehicle that transports goods in a designated area, the candy or do I dare say sweet food is wrapped so it's a wrapped sweet food, the purple coloured vegetable can be called ""brinjal"" ""ğŸ¤“",0
436,I thought it was dick,3
439,The eggplant was susğŸ™„ğŸ™„ğŸ™„,2
441,I'm a British and I failed ğŸ˜‘,4
442,"American: candy
British: sweets
Me: treat ğŸ˜…",0
443,WHERE THE HELL OUT DOES BRINJAL CAME FROM?,3
444,Bruh Iâ€™m full British ğŸ˜‚,4
446,I speak bitish,3
447,"There is also another awesome construction in Russian: â€œĞ´Ğ°, Ğ»Ğ°Ğ´Ğ½Ğ¾! Da, ladno! â€œIt consists of 2 confirmations like yes and good/well, but together the meaning is changing vice versa: â€œNo! Itâ€™s impossible! Serious?! I Donâ€™t believe! â€œItâ€™s usually an exclamation and a question at the same time!â€ğŸ˜®",3
448,"""how to watch a movie faster... skip to the ending"" ğŸ’€",1
449,Last one is a dic.......,3
450,"America-Zucchini 
British-Courgette 
India-Cucumber",0
451,Me about to say pe,3
452,Your English is still far from perfect. It's unfortunate you cannot accept it.,4
453,A bit of both,3
455,"it is too simple,  cant show real level, even around",1
457,Yoo whatğŸ’€ğŸ†WTF UR BIEHG SUS-,3
458,JAJAJAJA IT'S SO HILARIOUS AT THE BEGINNING,3
459,Lorrys and trucks are different things,0
460,Last one is a di-,3
461,I thought the eggplant meant something else ğŸ˜µğŸ˜µğŸ˜µ I want to punch myself so bad rn,2
462,You are my prefere teacher â¤â¤â¤,1
463,i was scared when it was eggplant,2
464,I found that I don't speak English,4
465,"1: it's a trunk 
2: it's candy 
3 : it's a cookie 
4 it's a sweater 
5: it's a eggplant",0
467,"Its not french fries, ITS FRESH FROIZ.




Shoutout to the Belgians.",0
469,Long Life to Ukraine.,3
470,Long Life to Ukraine.,3
471,Long Life to Ukraine.,3
472,Long Life to Ukraine.,3
473,Long Life to Ukraine.,3
476,I'm British but after I feel America,4
479,Indians: Learning both of them so that they can write synonyms in exam,1
480,Me toffe,0
481,I'm from Greece.ğŸ˜¢â¤,4
482,Thank you Marina for teaching us this study plan.,1
483,So what Af is brinjal????,3
484,So i got B1 A1-A2 fully correct than Crashed on B2 and got C1 fullt correct again ;-;  no wonder  i keep being stuck on B1  i dotn have grammar   ideas xD,1
485,"I'm from Argentina and I was taught British english, but I'm already used to speak American english even though my teachers are constantly trying to get me to speak British english, LOL.",4
486,American,4
489,"American - sweater
British - jumper 
Those who said - Shirt ğŸ‘•",4
490,Zucchini? coyrgette? nah its CUCUMBER!,0
492,I want a partner ğŸ™‚,3
493,What about tofeeee,3
494,"Marina , I was all ears !",3
495,Fries are from belgium like if u dit not know this,0
496,"I think the last ans must be ""english""ğŸ˜…",4
500,Both,3
501,You actually have a very strong Russian accent. You don't sound American at all.,4
504,I said toffee not candy or sweets lol.. I said brinjal and neither eggplant nor aubergine,0
505,We tell body part banana,3
507,Thanks...I hope this gonna work,1
508,"ğŸ‰ğŸ‰ğŸ‰It's really great sharing wonderful
Superb
Great
I m forming a series i hope u really like it vst and giv ur suggestions how it's",1
510,"Zucchini  American....courgette in British 
Me ...cucumber ğŸ’€ğŸ˜­ğŸ¤£",0
511,Ring could be a big circle as in pacific ring of fire,3
513,"Hi Marina, thank you for sharing your motivated words,that are still helping me to be so confident while speaking English........... I'm learning English to visit every country in the world and to help the people who are in need,i really want to connect with the world.Thank you soo much Marina for building us strong in English.......ğŸ˜Š",1
514,I Am From India Finally I Got Difference Between To And For... Thanks for ğŸ¥°,4
515,"Hi. Is it correct to say,, in more details'' instead of ,,in more detail''?",3
518,Bro i sed DickğŸ’€,3
519,Thank you so much for this great video !,1
520,I speak bothâ¤ğŸ˜…,3
522,Bro what is the stuff called brinjal ğŸ’€,3
523,Bothhh,3
524,"American : Egglant
British : Aubergine

Me as Indonesian : TerongğŸ‘ğŸ‘„ğŸ‘",2
525,That's a brinjal bro,3
526,"American: Sweater
British: Jumper
Me: Hoodie",4
527,the last is called dic- i mean..uh.....EGGPLANT eggppant,2
528,"great video! One nit: ""coach"" is pronounced with an ""oh"" like ""football coach"", or ""approach""",1
529,British ğŸ˜Š,4
531,I only missed 1,3
532,Hi linguamarina can someone talk to you privately?,1
533,"American:Truck
British:lorry
Me:Car ğŸ’€ğŸ’€ğŸ’€",4
534,"Bottle=Bo,oh o, wa,er",3
538,Is it too late to say sorry ğŸ˜‚,3
539,In Malaysia we learn British English but we talk in American + British + Local Language ğŸ˜‚,4
540,"Unfortunately...both..ğŸ˜¢.
Love from Athens Greece",3
541,Money shoe sticker,3
542,I am an Indian I say brinjal to the last one,3
543,indian english,4
545,"Indian - truck 
              Toffee 
              Bicut 
               Sweater 
              Bengan 
Like who are indians here",0
546,"What dress is this mam, new model?",3
548,Thats a jacket,3
549,I am a British,4
550,I knew that cacti was a word,0
551,"American: Eggplant
British: Aubergine

Me: PENI-",2
553,"I am not a professional guy. I am just studying from you because I am not so good at saying or writing in English. I am a 14-year-old student. My friends are saying English well by using new words, not me. The sentence I am using as usual has not new words. And thanks so much for your videos. Sometimes, I wish that I was born from somewhere where the people speak in English as their mother language. But I will try my best to speak in English as well as I can even though I wasnâ€™t born from there.â¤â¤â¤",4
554,hello! I' from Algeria I learnt English  13 years ago but I stopped dealing with it since 2010 now I got,4
555,Both,3
556,I thought the last one was pe/nis â˜ ï¸,3
557,"Money 
Shoe",3
558,Ones who said bandage not band-aid ğŸ˜…,3
560,Im American,4
561,Egypt and I hate Israel free Palestine,3
562,"Me:

Lorry
Toffee
Cookie
Jersey
Brinjal",0
563,i fell at ease since i followed this Marina's channel,1
565,"American: eggplant


British: aubergine


Me:Peni-",2
568,"Australian English (learn this so you donâ€™t confuse the f outta people in Australia okay)
1.truck
2.lollies
3.Bikkie
4.jumper
5.eggplant 
THERE YOU GO!!!!!!!",0
569,Both,3
570,"I've been following Linguamarina for 2 years.

I've been following Lingumarina since 2021.",1
571,"American-eegplant
British - aubergine

Me- baiganğŸ†",4
574,"No itâ€™s actually ğŸ™‚
1) money 
2)tata
3)shoe
4)bandage
5)alu fry",3
575,Which means im 50% american and 50% britianâ€¦,4
576,"American: eggplant
British: aubergine 










me:PP",2
577,"Americans: Hi
Indians: Hello, huw r u fine?",4
578,Im from malaysia ğŸ‡²ğŸ‡¾,4
581,My pronounce is  kroisan ..!ğŸ˜…,3
582,"I am not from America
I was just taught American English :3",4
583,I have been watching since a month but only i watching ur face ğŸ˜‚,3
584,for some reason it seemed to me that Marina was not in the mood,3
585,on foot,3
587,"Her bill/note 

Me: cash...",3
588,"For study with you of this lesson,I bought a Porsche",1
589,I took 8 hour in a daily basis during 8 months while living in California Santa Cruz. It lifted my english level a bunch,1
590,I think i'm half American and half British,4
591,"Hi Marina, I tried to download the workbook but I haven't received an email. Thanks",1
592,Iâ€™m from India and I want to buy this book please assist how to make a payment in INR,1
593,ğŸ¤” yellow blue butts ?! ğŸ˜‚ğŸ¤ª,3
594,I'm from philipens but i speak American EnglishğŸ˜Š,4
595,The Russians are realists! The Americans are a piece of shit!,4
596,I in thai and speak ameracan but teacher keep me say British words,4
597,Hi there i am from Bangladesh and you are so good adviser and so cute ğŸ’ğŸŒ¹ğŸŒº,1
598,"What do you do in your free time?
Me: sleep. Eat repeat",3
599,candy swewets but i say lollies,0
600,I want to be a Hygienist here in USA but I need to improve my English. Thanks for this meditation.,1
601,America,4
603,i said bread for the cookie...,0
604,Bro that is a chocolate chip cookie no matter where you are from im from England,0
606,"I'm American. I normally say: ""Fala comigo, o que que vc ta arrumando?. Como um bom mineiro que sou""

America is not only the U.S. think about it.

Have a nice day!",4
607,"As an American, I donâ€™t say that",4
609,"Where do I get all this sections from, e.g. for reading ?",1
610,Good ay mate is my auntie,3
611,In Arabic is dic*,3
613,"As a Pole, I'm neither American nor British and I say bakÅ‚aÅ¼an ğŸ†",4
615,im british and i say cookie choco chip cookie and i say eggplant,0
617,I need it. Please teacher. Where can i buy it?,1
618,Learn how to pronounce before you go giving advice. Are the product of the Public School System?,1
620,well im totally american (bro im an aussie),4
622,"To reckon: I think 
Fabricated: manipulated",3
623,british says mobile phone your having a laugh just think about it.................. phone,4
624,"Mine: british
Mom: british
Sister: British 
comrade: British 
Teacher: American 
soulmate: British 
Class: British
Father: British
Brother: American
Baby: British
Little Sister: American 
Big brother: American 
Grandma: British
GrandVader: british
Ex: American 
Friends: British
enemy: American 
Fans: British
Other Baby: American 
Ex Vader: American 
Ex Mom: American 
Ex sister: American 
Ex Brother: British 
Thats all",4
625,Well if you know English very well you can teach us some difficult words you know ğŸ˜Š,1
626,Instead of French fries fresh frois,0
627,"My mom went to the US for 3 weeks back in 2014 or so, and she was staying in the middle of NYC. She found quite a lot of downsides to her trip but when it comes to the good sides, she told me the Americans sheâ€™d met were all incredibly friendly, warm and always trying to help, even if it meant going out of their way to make your life easier.",4
628,Thank you,1
629,The lady One i qad thinking a sua thingğŸ˜‚,3
630,How to download the workbook??,1
631,I purchased the course maam How to get acess to the work book,1
632,"Youâ€™re right, once you have a basic command of the language, grammar is best learnt in context, by listening to speech and reading texts. Obviously choose input that is of an appropriate level, or a little bit higher. Iâ€™m English, but I cannot explain English grammar, and things like the subjunctive are a mystery to me. Often if I startbto think about a phrase I use, I realise that it doesnâ€™t make sense except as a whole. I might do something in a piecemeal fashion. But why piecemeal? What a weird meaningless word. Or I give someone a leg up. What? I arrived in time. Why in time? I just know the meaning of in and time together.",1
633,Your thee bestâ£ï¸,3
635,also bro said it was a biscuit like how i say it but it shows a chocolate chip coockie,0
636,im from british african and i know damn well we hardly say aurbergine,4
637,"In india
Lorry
Chocolate
Biscuits
Sweater
Brinjal",0
638,Teach me baby,1
642,Interesting,3
643,how much is the minimum money that needs to be shown for US visa?? could u pls clarify that??,3
645,I am both. Because I am a school kid,3
646,"Hi, I'm Atri! ğŸ˜Š I'm from Iran, pursuing my PhD in Germany. I'm looking to improve my English speaking (B2 level) and would love to connect with a native English speaker. We can discuss life in Germany, culture, language, and more. ğŸ˜Š I'm also open to sharing my useful experiences as an international student here.
Please reply to the comment if you are interested.",1
647,80% america 20% british,4
648,NOT ME SCREAMING CUCUMBER INSTEAD OF ZUCHINNI AND COURGETTEğŸ˜‚,0
650,Very recently I've been watching your channel.  This soo  terrific. Thank you so much for your explanations â¤,1
651,"American:eggplant 
British:aubergine 

Me:dick",2
654,That did not help,3
655,Ayo the last one is SUS,3
658,Is looking like she's got kidnapped in the truck for candies and cookies and she got this weather and the purple thing I don't remember it,0
659,I said the last one was pen** lol,3
660,What is the problem with use sad 2 times ham?,3
661,I'm from India BHARAT MATAKI JAI,3
662,"I never ever studied English, so I never knew how to respond to ""how did you learn English?""
IDK I JUST WOKE UP AND SPOKE ENGLISH",4
663,Pure American ğŸ˜‚,4
664,Pure American English,4
666,Nice question and answer keep up good work thanks for sharing â¤ğŸ˜‚,1
669,At the last the dick is which ?,3
670,Both,3
673,Marina you rock! Love you forever,1
674,American English,4
675,team british like below,4
676,Boat boat,3
678,I found out im american.,4
679,Hi how do you do dear I have no time to message because last 3 and 4 days I was watching war between isreal and polestine day to day war has been raised,1
680,"Hi Marina, I have watched this video twice and I won't get tired of doing it.",1
682,My birthday is also March 13â¤â¤,3
683,"I would like to put my  aubergine in your biscuits:
     -british rizz",2
686,Me: Indonesian but only speaks English,4
687,I have mix accent of both ğŸ˜‚ğŸ˜‚ğŸ˜‚ğŸ˜‚,4
689,"ok I speak English and flipino but I have a British accent ğŸ˜‚ yes and I still can't pronounce ""r"" bo-to_of-woto-",4
690,Legend says chocolate ğŸ¤£ğŸ¤£,0
691,I said cucumber because I'm indian,0
693,"Indian people be like tempo,toofe,biscuut,swear,bengan",0
695,"really great video! You inspire me, thank you :D",1
696,She is my ideal.,3
697,I am both,3
698,I don't like Americans they are so gross and very suspicious I like Great Britain I love their people they are so cute,4
699,last one is a dick,3
700,American,4
701,The way I can understand both British and American English ğŸ˜­ğŸ˜­,4
702,"Money and shoes
ğŸ‘‡",3
704,Maine to candy ko toffeeğŸ˜‚ bola,0
705,"why :( in :( pilliphines :( its :( 100,000 :(((",3
706,"What the heck uk What in the World chipsğŸ˜‚ğŸ˜‚ğŸ˜‚ğŸ˜‚ğŸ˜‚ğŸ˜‚ğŸ˜‚ğŸ˜‚ğŸ˜‚ğŸ˜‚ğŸ˜‚ğŸ˜‚ğŸ˜‚ğŸ˜‚ğŸ˜‚ğŸ˜‚ğŸ˜‚ğŸ˜‚ğŸ˜‚ğŸ˜‚ğŸ˜‚ğŸ˜‚ UKs is people going to different countries and still saying chips everyone else confused like ğŸ¦²ğŸ’€ğŸ’€ğŸ’€ğŸ’€ğŸ’€ğŸ’€ğŸ’€ğŸ’€ğŸ’€ğŸ’€ğŸ’€ğŸ’€ğŸ’€ğŸ’€ lol
But Still saying chips what the hell bruhhhhhh uk is Among Us sus uk be like site eye and mom i want chips here u go kid be like wth this is not chips ğŸ’€ğŸ’€ mom  be like... confused the end uks kid and mom",4
707,Hey girl. Thanx for the video that was helpful. About the ğŸœ  use cinnamon preferly if u know where they come from. If not just pute some where u see them.,0
708,Wow beautiful place,1
709,â¤love you teacher ğŸ‘©â€ğŸ«,1
710,"American: Eggplant
British: Aubergine

Me: DIC-",2
711,Um is lollies one of â€˜em?,3
713,"British : sweets
Ameican : candy
Me toffee",0
716,I been pronouncing it as crossy nant ğŸ˜‚,3
718,"American:eggplant 
British:aubergine



Me:â€forgetsâ€ â€¢_â€¢",2
719,Just put a peg on your nose to give that nasally sounding effect and you have an American accent,4
720,I am Indian and I don't know ğŸ˜… I am from American ğŸ˜‚ all the word I say belongs to America English ğŸ˜‚ğŸ˜‚ğŸ˜‚ğŸ˜‚,4
722,"American:Cookie
British:Biscuit
  
me: Biskut malay",0
724,Who is he â˜¹ï¸,3
725,I think Nepali language is too hard language in world,3
726,Do you know nepali language its too hard to learn,1
728,"Hi good morning dear how do you do here so very hot we couldn't able to tolerate hot season actually in the mean while rainy season should come but what happened to the season no rain, no cold climate too. In the mean time war also started palestian and isreal and ine more thing when it will be started 3rd world War indeed if it is started soon all essential things would be raise huge price too. So each and everyone should pray for this war should not raise and I have to share with you coming Friday something would be happend seriously both countries says, "" That like this dear I watched 45 videos about war between isreal and palestine. Now a days America said, "" That they would have been joined in the war in case America joined afterwards Russia would be join so perhaps done like this",1
729,Truth is best in any language.tell about running game,3
730,i dont want to offend you! but i suggest you dont try pronounce it in british couse im not offended but it could offend someone else! please dont make this a hate comment.,4
731,"Hi guys I don't know you but,
""I want the best for you, my friend. I'm worried that you could end up in hell if you don't turn to Allah (the only GOD)and His Messenger, Muhammad (peace be upon him)
 So let me  invite you  to Islam that  teaches that there is only one God, Allah, and that Muhammad is his last prophet.   
all you need to do is say the Shahada, which is a declaration of faith: Ashhado Anna la ilah illa ALLAH wa ana Muhammad Rassoul ALLH.
This means ""I testify that there is no god but Allah and I testify that Muhammad is the Messenger of Allah.""

learn more about Islam. Please",1
732,"I think I'm  very poor at this and absolutely need you as a Tudor or I may keel over and die.
Pretty please",1
733,Thank youâ¤â¤â¤â¤,1
735,We call it sweets in america toğŸ˜‚ğŸ˜…,0
737,Thank you for information â¤,1
738,Great,3
739,I love you english speks,4
741,out of all of the vegetables she could've picked she chose the eggplant ğŸ’€ğŸ’€ğŸ’€,2
743,"Hmm, I don't understand what U teach. 
Ur explanatiin too fast, 
It look like Ure being chased by a dog.",1
744,"Knotting cool dot, sharp strings drowning , QUIZZ keys waved ....Verb stressed....Time faking hood phrases...

LEPPERS SLURPING GOLD DAY.

MAY.!!!!



NUDE MONTH....Frozzz?

Lindsay Wallet BOOK READING FLAT JOURNEYS Salary",0
745,"Knotting cool dot, sharp strings drowning , QUIZZ keys waved ....Verb stressed....Time faking hood phrases...

LEPPERS SLURPING GOLD DAY.

MAY.!!!!



NUDE MONTH....Frozzz?

Lindsay Wallet BOOK READING FLAT JOURNEYS Salary",0
746,"Knotting cool dot, sharp strings drowning , QUIZZ keys waved ....Verb stressed....Time faking hood phrases...

LEPPERS SLURPING GOLD DAY.

MAY.!!!!



NUDE MONTH....Frozzz?

Lindsay Wallet BOOK READING FLAT JOURNEYS Salary",0
747,How can I copy the link?,1
748,Why does he laugh when someone speaks English? What is the reason ? Pozdrowienia z Polski.ğŸ™‚,3
749,"Marina, you donâ€™t need to become â€œ like Americanâ€ , be yourself.   
You are trying to assimilate into  this ignorant society, but you and your accent - itâ€™s what make you so  so unique.  Your accent is your heritage, donâ€™t try so hard to get rid of it.",4
750,Wait an au aubergine isn't a big cucumber?,0
752,Me: American ğŸ‡ºğŸ‡¸â˜º,4
753,British,4
754,im british and its not a dust bin its a bin,0
755,The last one ğŸ’€,3
756,"American: eggplant
Britain: aubergine
Russia: penis",2
757,"Thanks a lot,darling.
It was so interesting,and my level is B2.
Keep going.ğŸ‘â˜ºï¸
Have a wonderful time.ğŸ™‹â€â™€ï¸
From Iraq
â¤ï¸ğŸŒ¹â¤ï¸ğŸŒ¹â¤ï¸ğŸŒ¹â¤ï¸ğŸŒ¹â¤ï¸",1
758,"I love your videosâ¤. Watching from Tehran, Iran",1
760,im a mix of both,3
761,"Me:toffee,brinjal,biscot",0
762,Love you and your material Marina.,1
764,"Im my dream school ğŸ¥° thank you for sharing those motivating words , hopefully i will get into Stanford university in 2029 to study business ( bank business)",1
765,wow sweet voice and magical recomendation,1
766,It's pronounced obacheen ok,3
767,Does anyone know all words in an English Dictionary?,0
768,"Thank u for this video

This helped me a lot",1
770,1 cucumber 2 torchlight 3 dustbin 4 petrol bank 5 cell or  phone,0
771,Thank you,1
772,"Amazing Marina!! ğŸ‘ 
What's your suggestion to how get the US visa and come to US by any other visa or case? If you can help me in this section, it would be great.  Cause I really try to come US to study and work but there are some things that don't let to go also y financial situation isn't so good and am personally looking for some full fund scholarship to get but most of them needs TOEFL, IELTS  and more. 
Am from Afghanistan and am always watching your videos and appreciate your time, hard works and amazing energy and enthusiasm that u have motivate me to learn new things and I'm so thankful â¤ ğŸ˜Š 
So I'll be happy if u can help me out with ur incredible experiences and suggestions plz 
Thanks a bunch â¤ğŸŒ¹ğŸ¥°",1
773,British vocabs ğŸ™‹â€â™€ï¸,4
774,"A message to every foreigner who does not know the Palestinian issue.  I wanted to talk about it.  When the First World War broke out, the Zionist entity was hated by the Germans, so they went to Palestine because it was the most peaceful country.  Palestine welcomed them, and after a while they went to the Zionists, telling us that we want our rights, that they wanted to make their own land on Palestinian land, and the Palestinians said it.  This is our land, we cannot give it to you, so they took advantage of the fact that there were a large number of them in Palestine, so they started a war and occupied it.  I imagine that you are helping someone and leaving you and taking your land.  Try to search for Palestine.  God willing, you will benefit.  I am an Arab and I am 14 years old.  I may have a spelling error, but thank you very much.  For everyone who read my comment ğŸ‡¯ğŸ‡´ğŸ‡µğŸ‡¸â¤ï¸",1
775,The other weird thing is we say 'how are you as a greeting' but they don't actually want to hear more ğŸ˜‚,3
776,"American: candy           |  cookie
British: sweets               | biscuit 
 Me: toffee                       |BISCOOT",0
777,Thank you,1
778,then wat da hall is a brinjal,3
779,Thanks Mariya i have started from today,1
780,And l always suggest your channel all my friends and relatives you are really intellegent person for meâ¤,1
781,And l always suggest your channel all my friends and relatives you are really intellegent person for meâ¤,1
783,Hello and conguratulations from Uzbekistan and ald thanks you very very muchâ¤,1
784,That  British accent was brilliant ğŸ”¥,4
790,american but the last one is brinjal,4
794,According to India peaceful country compare to others nation so each and everyone should pray for war. War should be raised in future but I heard so coming Friday would be done big thing to Palestinian nation dear,3
795,Hi how do you do dear I have no chance to message you because last two days back war was started between isreal and Polesthine I think it goes like the same 3 world War will be started soonly because America also ready to support to isreal indeed if America joined in this Russia also would be joined afterwards so everyone should pray war should not be raised in the world it is more dangerous to all over world dear,1
796,Marina listen.I'm still love learning languages)Right now I only start learn Turkish so my brain enjoy.I don't know will it be useful on futureğŸ¥ºğŸ¥ºğŸ¥º,1
798,"Idk im from malaysia so the result
: MIX",3
799,"ğŸ¯ Key Takeaways for quick navigation:
01:39 ğŸ§  Relate new words to yourself for better memorization.
02:09 âœï¸ When encountering newwords in books or movies, write down only those that relate to you or that you've heard before but still don't know.
05:11 ğŸ  Create a memory palace or space with flashcards to associate new words with objects or concepts, aiding memorization.
07:35 ğŸ“š Avoid translating words on flashcards; instead, write explanations in English for better long-term retention.
09:25 ğŸ§  Use the ""90 second method"" to repeat phrases seven to nine times for improved memorization and long-term retention.
11:17 ğŸ“– Incorporate new words into stories or diary entries to practice and remember them effectively.
12:59 ğŸ“ Place post-it notes with new words on objects you see daily to reinforce your memory.
13:41 ğŸ“š Space your learning and focus on 3-5 new words a day for more effective vocabulary acquisition.",1
800,*Chocolate and brinjal left the chat*,3
801,*Brinjal left the chat*,3
802,"I had watched this video and I realized that my listening ability is not bad as i think. Basically the reason is that I do not have the right way to practise listening. Thank linguamarina, your video is extremely useful and it helps me a lot enhance my listening skills",1
803,i am american english,4
805,Thank You so much for making these videos. Because of listening to you my English accent is so good now. I don't have a lot of vocabulary but I am very happy that I now can speak English very easily.,1
806,"Le me-ğŸ˜…
1-truck
2-chocolate
3-biscutğŸ’€/biscuit
4-sweater
5-brinjal
Btw im an Indian
Love ur videos â¤",0
807,Recently I watched one of  your video that you have posted 2 years ago. There is a huge different in the videos and It's amazing. I love the way you are doing now in your videosğŸ˜Šâ¤.,1
808,I am nothing Frome thise,3
809,From Tanzania help me I need to learn English language,1
811,TheğŸ†remind me the BANANA,3
812,that remind me egg doens t belong to eggplant,2
813,Hello Venya and Marina. How are you?,3
814,A wonderful video. I liked it very much. It is the best way to learn. I hope you will make more videos like this,1
816,"Unfortunately the free workbook is not available, I didn't receive it in the mail",1
817,I speak americian in a british accent,4
819,Love youğŸ«¶ the best teacher ever â¤ğŸ¥°,1
820,"American: Eggplant
British: Aubergine

Me: d*ck",2
821,Whatâ€™s going to happen if I speak both,3
823,i want to become a cardiologist,1
824,"Many people speak fast and I can't understand their pronunciation, you are the person who made me fall in love with English.  Thank you!",4
825,In bangladesh we say jacket ğŸ˜‚,3
826,"american:candy
British: Sweets
Me: Toffee",0
827,"Indians knows what to say in brinjal 




Bengiun",3
830,"British: aubergine ğŸ˜
She : egg plantğŸ˜Š
Me : bringal ğŸ™„
ğŸ˜…ğŸ˜…ğŸ˜…ğŸ˜…ğŸ˜…ğŸ˜…ğŸ˜…ğŸ˜…ğŸ˜…ğŸ˜…ğŸ˜…ğŸ˜…ğŸ˜…",2
832,American ğŸ‰ğŸ‰,4
833,Well not a native speaker so I'm mixing both so i'm speaking brican pronunciation ğŸ˜‚ğŸ˜‚,4
834,1000% American but my country speaks British,4
837,"American: trash can
British: dustbin 
Me: Bin  ğŸ’€",4
838,But in India we would say brinjal ğŸ˜…,3
839,"me who said ""cash"" for the first one: ...",3
842,I have been following linguamarina since 2021,1
843,"thanks, you so much i am learning new words as i am going to take my ielts speaking test. This video is amazing and quite helpful. thanks",1
844,Actually indians say brinjal for eggplantğŸ˜‚ğŸ˜‚ğŸ˜‚ğŸ˜‚ğŸ˜‚ğŸ˜‚ğŸ˜‚,3
846,this is amazing content,1
847,I guess She is bully ğŸ˜‚,3
848,"After being recommended english teaching videos, I can safely say I don't know why I'm here. I speak english, it is literally my first language. Why am I watching videos that teach you to learn english??",1
849,"Such an interesting video, really enjoyed your insights:)",1
850,"Plunge, of course. My reading & listening skills r in C zone but my speaking & writing skills r on B zone.",1
851,I felt so proud at the end with â€œdoneâ€ğŸ˜,1
852,Thanks this vedio helped me most,1
853,Iâ€™m from Orange Park and my uncle is from Jacksonville but weâ€™re still in America in the US,4
854,I'm watching and listening your video.Thank you for helping me to improve my English.,1
856,thought I'm britishğŸ’€ but I'm not lol,3
857,Anyone said bloody at the scarlet,3
859,Thank miss â¤â¤ God blessed you with your family,1
860,In my opinion marina should post about a little more advanced English,1
861,I am American lol,4
862,Say â€œwhy you on my meatâ€,3
863,"I think I am B1 
I gave up half way",3
864,In English fabulous like.,3
865,Wats your workbook name please? Iâ€™m fluent but want to expand my vocabulary and have accent . I have Pakistani accent that I want to change. Fedup of it ğŸ˜”,1
866,I am all ears,3
867,thank you so much but we wanna more videos like that please teacher,1
869,"I'm at B2 :( I thought that I was at C2 since I took your test a couple months ago and the result I got was ""advanced""
I feel disappointed",1
871,"Nononononononooooooooooo WHAT is chips. NO. Chips r chips, fr fries r fr fries. SIMPLE.",0
872,You're the best,1
873,"American-Eggplant
British-Aubergine

Me-PatÃ«llxhan",2
875,"You 're amazing ,I'm a big fan to you please keep going",1
877,I speak bothğŸ˜‚,3
878,"Methods in the video : feeling the touch and  the taste of the subject Iâ€™m reading. 

Me who is reading biology.",1
880,I dont know english how to learn ğŸ˜¢ğŸ˜¢ğŸ˜¢ğŸ˜¢ğŸ˜¢ğŸ˜¢ğŸ˜¢ğŸ˜¢ğŸ˜¢,1
881,What about those who fall in the middle ğŸ˜¢,3
882,"Useful video. Do native Americans also say ""he ased"" omitting the K-sound?",3
883,"Great, thanks for this amazing idea, im waiting for new dialogs! P.s. watching u from ur native country =)",1
884,"Marina, thank you for making this video. I continue to learn English well. Thanks for the advice. We learners need a teacher like you.",1
886,"American: Eggplant
English: Aubergine
Me: cucumbâ€¦. Oh fuck",2
887,Our   linguamarina can do  finger in every pie,3
888,"Marina, thank you for making this vedio. I always remember your advice for learning English. You are the best teacher I have ever known.",1
890,Another fun fact : The word â€œLongâ€ is shorter than the word â€œShortâ€,3
891,"American + British + unknown english = Indians
ğŸ‘‡ If its right",4
893,i m watching this from Uzbekistan. Video is so interesting and well-planned  i always watch your contents coz i really love them. also your pronunciation is clear,1
894,You know you are soo much pretty and beautiful,1
895,"I have doubts about c1 test which is ""if you will follow me...."" I thought where is ""if "", there is no ""will""...",1
896,"U Look Slay in Curly Hair Marina, You Slayed your Outfit too",3
899,"CUCUMBER, JUST USE CUCUMBER!",0
900,That was a cucumber,0
901,I m just started learning English.and I'm so comfortable Americans accent . Yes it's more easy for meğŸ˜Š,4
902,oh i thought it was a cucumber,0
904,My test is in three months. I need 110,1
905,Amarican English,4
906,bro me said tofee,3
907,i speak half british half american,4
908,thanks very much â¤ï¸â¤ï¸,1
909,Indians be toffee*,0
910,"Americans : cookie ğŸª
British : biscuit ğŸª
But Me : Biskut ğŸ˜…ğŸ˜‚",0
911,"You are so much beautiful ğŸ˜, pretty, sweet and 9ice voices â¤ï¸, greetings â™¥ï¸ ğŸ™ to you all the ways from Denmark ğŸ™ ğŸ’– â™¥ï¸ ğŸ‡©ğŸ‡°",1
912,American â¤,4
913,"Britishâ€™s; sweets
American; candy
Arabic; BIS KOOT",0
914,I have struggled with my spoken English all the time. And your video do help me a lot. And l begin to step my foot out,1
915,You're a such an exuberant Individual,3
916,Oh dear what happened to lolly and pullover ğŸ˜¢,3
917,"magenta what the fu- you're colour blind, or is magenta is like too pink colour? people that does this are all colour blind dÃ¹d",3
918,What is this particular model of PORSCHE... please let me know... Respect from Pakistan ğŸ‡µğŸ‡°,3
919,ohhh I thought it was di-,3
921,"Great video, trading come with a lot of benefits And
I have just bought my first house through it.
As a beginner I was scared of loosing my savings but 
Iâ€™m glad I took the bold step that is now favoring me.",1
922,I'm writing on 14th of October and this vidoe has taught me a lot.,1
923,I speak British and I am from Myanmar.,4
924,"Really helpful, I'm impressed.",1
925,I thought it was dick,3
927,Thank you so much for this amazing meditation ğŸ™,1
928,What the fuck last one is brinjal,3
931,American â¤,4
932,Thanks,1
933,Your Russian Accent just Slayed at the first place!!!!,4
934,That intro is really cheesy ğŸ˜‚,1
936,British,4
937,"Marina, You SLAY, ( Actually )",3
938,"Your Vlogs are FIRE, ( Actually )",3
939,"Your Dress is SNATCHED, ( Actually )",3
940,"Marina, This video is a GOAT, ( Actually ),",3
942,"Marina,  This is a *Top-notch* Video, ( Actually ),",1
944,Holy sheesh that knock knock sounds so deep British,4
945,For me learning foreign languages is an obligation because our prophet Mohamed peace be upon him said that who learns a people's language he will be in safe from thier evil and harm,1
947,"American: Eggplant
British: Aubergine

Indians: Aienn? Baigan ğŸ’€",2
948,What is erm?ğŸ¤”,3
949,"me: ""money!, wth- lets try again.. truck! oh thank goodness... shoe! WHAT IN THE- ok.. BANDAID! what is great britan and America doing to us? I'm glad britttish understands at some point.. CHIPS! oh yeah""",4
950,"How many languages do you know?
How do you find time to learn so many languages?",1
952,Thanks a lot for sharing,1
955,Thank you but my speaking doesn't improve,1
956,"I am from India and your video gonna help all those peoples who are really passionate to learn English language, me also ğŸ˜… so I want to say thank you so much for everything â¤",1
957,"Hi! I am Hamza Mehmood. I have experience in graphic designing and computer networking. I can provide you:
Thumbnail designs
Logo design
Video editing
Image editing
I can make thumbnail for your video in FreeğŸ¤—.",1
958,"Hi! I am Hamza Mehmood. I have experience in graphic designing and computer networking. I can provide you:
Thumbnail designs
Logo design
Video editing
Image editing
I can make thumbnail for your video in FreeğŸ¤—.",1
960,Welcome â¤ hopefully u stay permanently!ğŸ‡ºğŸ‡¸,1
963,Why does she make us brits look posh,4
964,Corn is corn,0
965,Nice narrative. You are lovely. â¤,1
966,Nive narrative. You are lovely. â¤,1
969,"hi maam marina, im leonel from phillippines. i started downloading your video specially your english grammar lesson and i learned a lot from it. im still shy to speaking english language  because no one appriciate me here in my local bario. hope you keep making long vedio about english. i making your vedio as my radio to listen every morning while im doing my house choir. i want to send myself to english school to learn english but i dont have money to afford expensive tuition fees. but when i wacth your vedio myself started to dream again to learn in english. thank you for your effort to download vedio like this. this mking me hope to learn english for  free. today is october 09 2023. the day when i found like you teaching is for free.",1
971,Yes all these words. British English without any accent,4
975,Yes i fund it's very important to learn english,1
977,"You ask in AmE, she answers in BrE",3
978,Ik what u were gonna say at first on the last one â˜»,3
979,As an Aussie everything she said was correct EXCEPT jocks itâ€™s not jocks but itâ€™s undies. But she might live in a area that says jocks,3
980,when you said smart phone.,3
981,"American English: eggplant 
British English: aubergine
Indian English: brinjal",2
983,Still didn't hear an Australian,4
984,you are really prity girl i have ever seen.,3
985,My test is in exactly a week and I need to score 98+ on the exam! ğŸ˜…,1
986,"Task with answer,, aside,, is it possible to change on ,, out ,, ?",1
987,Hope you enjoy America ğŸ‡ºğŸ‡¸ dont try changing it though ğŸ˜‰,4
988,"Marina, your content is a sight for sore eyes ğŸ‘ğŸ‘ğŸ‘ Thank you so much for your positivity, energy, smile and great mood. Indeed, now is the time of artificial intelligence and whoever learns how to use it first will be at the top ğŸ˜‰ğŸ˜‰ğŸ˜‰",1
990,"American : Eggplant
British : Aubergine

Me: Di-",2
991,"Hahaha.  Im American and Iâ€™m really quiet at restaurants .  Im not sure where she was around loud people , maybe in a place w loud music?",3
992,my accent is like a jam,4
993,"Hey everyone! My name is Shivesh. I am an Upper intermediate to Advanced English learner and I live in India. I have been studying English for a few years, but now I really want to get a better job. So, I need to improve my English. I am looking for a speaking partner to practice with two times a week. I can meet via Google meet, Zoom, or WhatsApp. Would anyone like to practice with me and improve their English too?",1
994,"Anerican : candy 
Brotish : sweets 
Bhartiya people : toffee",0
995,Russuia is sucks(,3
996,As a british a plain biscut is called biscut a chocolate chip cookie is a cookie,0
997,The plan is not available I tried to send many emails !,1
998,"You are not even an English teacher. 
How can you record a video like that?",1
999,Bro why are people making money off of teaching us only 3 words and calling it a day this women has free time hub,3
