,textOriginal,cluster,pred_label
11,You explain everything I love it â¤,1,Positive Feedback
28,"I thought , i am A2 before i watch this video but now i realize that i am B1 
Thanks from your video â¤",1,Error in the video
39,Please don't  Choose this picture In your video( Cover) because it's no halal for Muslim people. We hope you understand us .Thank you.,1,Error in the video
51,"HI MARINA, I AM ALL EARS WHILE I AM WATCHING YOUR VIDEO.",1,Positive Feedback
55,10:09 Thank you Marina for this meditation. It relly helped me boost my connfidence!,1,Positive Feedback
92,thanks a lot teacherâ¤,1,Positive Feedback
95,Justa learning 1000 words but after minutes forget 999 words ğŸ˜®,1,Error in the video
110,"I was born in Syria
Yes I do have one brother
Every Friday and sometimes in Saturday and Thursday
I would like to see you marina
I would like to visit USA",1,Personal Story
112,Very cute Emily â¤,1,Positive Feedback
117,since entrepreneur is taken from French it's really easy for me x),1,Joking
128,Finally an English speaker that I can understand jajjajajaj thanks for the slangâ¤ï¸,1,Positive Feedback
129,"Hello, Marina) i have been learning english for 3 years maybe and  now i have b1-b2 level and when i started it was in 2019 year, my level was A1, and now i proud of myself in somthing degreeğŸ˜Š",1,Personal Story
133,"Your face ,,,make some kind of positive attraction,,,the vibe energy bla bla ğŸ¤“ğŸ˜‚,,,informative,,,try differentiating the sentences â€¦âœ¨",1,Joking
137,POV my bff explaining English for me because the teacher is confusing,1,Positive Feedback
139,"I want to work abroad, have friends from different countries, change my life for the better and show everyone who thinks I'm incapable to achive mygoals , that I'm capable to get my goals.",1,Questions
149,mam how i can get scalarship in the usa different universities,1,Questions
163,How apply school visa,1,Questions
170,this makes me feel worse. I donâ€™t want to spend the rest of my life with a shitty Spanish teacher who expects me to be fluent and doesnâ€™t even give a shit abt my mental health. im terrified of Spanish like I think i have spanish class phobia (im being serious)ğŸ˜,1,Personal Story
173,Tips to understand TV news mÃ¡ster Teacher please .,1,Constructive Criticism
181,"I decided to follow this plan 
Thank u sm ğŸ’“",1,Positive Feedback
192,I really appreciate the way you explain clearly every object in your kitchen with a sense of fun â¤,1,Positive Feedback
217,Thank you Marina I am from uzbekistan I am a great fan of yours,1,Positive Feedback
240,Thanks so muchâ¤,1,Positive Feedback
250,I have coherent planning for my startup.,1,New Subscriber
254,Thank you very much for the very informative lesson!,1,New Subscriber
263,Getting all of these questions right from her gives me a confidence boost!,1,Positive Feedback
272,I'm new subscriber mam. And thank you so much for best teaching.,1,New Subscriber
277,Thank you so much for the information and I really want to study in United States of America,1,Positive Feedback
282,"I have a problem. 
When i read, or write english i can understand perfectly, but is hard to me to understand people talking",1,New Subscriber
287,Nice.  Teacher,1,Positive Feedback
294,Nice.  Teacher,1,Positive Feedback
296,Thanks for the phrases it was really helpful.,1,Positive Feedback
300,"Great question Marina! I think that technology is making a revolution not only in the way we learn -or even are ""necessary"" as human beings- but only in the political and power system: to whom we confer authority and why?. I think self-conscious people, with a critical mind and self-discipline values and desire to get better, will always defend their rights to speak by themselves, and think by themselves. Technology doesnÂ´t replace our right to think by ourselves. I think that smart self conscious people will always want to learn and acquire foreign languages by themselves to expand their horizons and consciousness. Maybe with the help -assistance of technlogy as a training tool-, never replacing the ability to think by themselves and learning from other human beings. We human beings create the language, and we are the ones that make them evolve, technology is only a tool. But that said, for those people that are lazy, don't care to think by themselves, and blindly trust technology, well, yes, they are just going to use apps. The other people, we are going to continue exercising our brains, imagination and emotions.",1,Questions
303,"thank you ,  from Sri Lanka",1,Positive Feedback
308,B2-C1 but i have a lot to learn,1,New Subscriber
313,"Please read this ğŸ™
The Israeli occupation, a fact even acknowledged by Israelis, traces back to 1948 when the Balfour Declaration of 1917 pledged support for a Jewish national home in Palestine. This historical context is essential to understanding the plight of Palestinians. For over 70 years, Palestinians have endured displacement, restricted movement, and lived under harsh conditions. The term â€œapartheidâ€ aptly describes the segregation and discrimination they face in their own land, marked by numerous Israeli checkpoints. Despite countless peaceful attempts, oppression persists, leading to further land loss and human suffering. Itâ€™s important to note that Hamas, often a focus of international attention, emerged as a response to active resistance against this enduring injustice. If you trying to feel sorry for Israelis today I hope you felt sorry for Palestinians for the past 70 years ğŸ‡µğŸ‡¸ğŸ™. Give the people their homes and country back.ğŸ‡µğŸ‡¸ğŸ™",1,New Subscriber
319,@linguamarina Hey this is completely unrelated but how can you stay fitğŸ˜Š,1,Irrelevant
328,This is telling I need to keep practicing. Thank u Marina ğŸ˜Š,1,Positive Feedback
330,IAM extremly happy to follow you my daughter IAM 60years i adore english IAM mroccan,1,Positive Feedback
351,"very important : crucial, vital, indespensable 
very smart: clever , intelligent ,brilliant
very bad; awful, horrendous , 
very big; tremendous, huge, massive , 
very easy : straightforward, handy,",1,Collaboration Offers
355,"i LOVE YOU, MARINA! OMG. I WAS A SUBSCRIBER WHEN YOU WERE JUST STARTING. I CAN'T BELIEVE THAT YOU'RE NOW 8.9M STRONG!! IT FEELS TOUCHING TO SEE YOUR GROWTH!!",1,Positive Feedback
357,You're amazing teacher let me clap for her ğŸ‘,1,Positive Feedback
360,i could make with you every tests in this world which you want,1,Requests for Future Content
364,"Very Good Information You Give, Thank you , keep it up all the best.  I Am  from Pakistan.",1,Positive Feedback
365,wishing my daughter a fabulous birthday,1,Positive Feedback
373,"Hi , Marina. You are a good teacher",1,Positive Feedback
375,Can you do some series of lessons to prepare for ilets exam in an amazing playlist as usual â¤ï¸â¤ï¸â¤ï¸ we always trust you ğŸ¥ºğŸ¤ğŸ¤ I love u so much ğŸ’‹â™¥ï¸â™¥ï¸ğŸ©¹ from Algeria ğŸ‡©ğŸ‡¿â™“,1,Requests for Future Content
380,May I get the pdf link of this book?,1,Requests for Future Content
401,"Thank you so much Marina for this video.
In this i leaned few things like try to think in English without translating from your mother tongue.
Talk to people in English.
Name the objects every day to 
see.
Talk to yourself in English without thinking about others.
Try to follow one person, watch his or her content videos daily.
Make a videos of you talking in English.
And lot more ğŸ™ğŸ™",1,Personal Story
416,Really fascinating video......... Happy for this video.  ... Futhermore you helped me a lot,1,Positive Feedback
421,Hi your video is significantly mesmerizing moreover i adore it...... Thank you,1,Positive Feedback
422,Thank you,1,Positive Feedback
428,The best teacher â¤,1,Positive Feedback
430,Nice I am from Bihar India but I like your all video,1,Positive Feedback
435,So easy!,1,Personal Story
446,You speak German very well ğŸ‰ congrats I am learning German also â¤,1,Positive Feedback
462,Your channel is so helpfull thank you so much,1,Positive Feedback
468,How about Iâ€™m interested in making crafts,1,Positive Feedback
474,You are a champion Marina Thank you!,1,Positive Feedback
480,"Hello Marina, I am so grateful for this meditation, which made it very peaceful to face obstructions in the way of TOEFL learning. Thanks, relistening once a day and keep away from anxiety.ğŸ˜…",1,Positive Feedback
493,Thank you ğŸ™Œâœ¨,1,Positive Feedback
494,Very helpful video â¤â¤,1,Positive Feedback
495,"I love your teaching so much.
I love Both accent so much. 
I follow both mam. 
Thank you so much mam.
Excellent Explanation.",1,New Subscriber
514,This is a good way to talk.... for beginners like me...â¤,1,New Subscriber
521,"We did not need this tutorial lool..that's a bad friend, you have been corrupted, she must have been jel",1,Irrelevant
538,"""how to watch a movie faster... skip to the ending"" ğŸ’€",1,Joking
545,"it is too simple,  cant show real level, even around",1,Error in the video
552,You are my prefere teacher â¤â¤â¤,1,Positive Feedback
569,Indians: Learning both of them so that they can write synonyms in exam,1,Community
572,Thank you Marina for teaching us this study plan.,1,Community
574,So i got B1 A1-A2 fully correct than Crashed on B2 and got C1 fullt correct again ;-;  no wonder  i keep being stuck on B1  i dotn have grammar   ideas xD,1,Positive Feedback
597,Thanks...I hope this gonna work,1,Positive Feedback
598,"ğŸ‰ğŸ‰ğŸ‰It's really great sharing wonderful
Superb
Great
I m forming a series i hope u really like it vst and giv ur suggestions how it's",1,Positive Feedback
603,"Hi Marina, thank you for sharing your motivated words,that are still helping me to be so confident while speaking English........... I'm learning English to visit every country in the world and to help the people who are in need,i really want to connect with the world.Thank you soo much Marina for building us strong in English.......ğŸ˜Š",1,New Subscriber
609,Thank you so much for this great video !,1,Positive Feedback
618,"great video! One nit: ""coach"" is pronounced with an ""oh"" like ""football coach"", or ""approach""",1,Error in the video
622,Hi linguamarina can someone talk to you privately?,1,Questions
653,i fell at ease since i followed this Marina's channel,1,Positive Feedback
660,"I've been following Linguamarina for 2 years.

I've been following Lingumarina since 2021.",1,Positive Feedback
678,"For study with you of this lesson,I bought a Porsche",1,Personal Story
679,I took 8 hour in a daily basis during 8 months while living in California Santa Cruz. It lifted my english level a bunch,1,Personal Story
681,"Hi Marina, I tried to download the workbook but I haven't received an email. Thanks",1,Requests for Future Content
682,Iâ€™m from India and I want to buy this book please assist how to make a payment in INR,1,New Subscriber
687,Hi there i am from Bangladesh and you are so good adviser and so cute ğŸ’ğŸŒ¹ğŸŒº,1,Positive Feedback
690,I want to be a Hygienist here in USA but I need to improve my English. Thanks for this meditation.,1,Personal Story
699,"Where do I get all this sections from, e.g. for reading ?",1,Personal Story
707,I need it. Please teacher. Where can i buy it?,1,Questions
708,Learn how to pronounce before you go giving advice. Are the product of the Public School System?,1,Questions
715,Well if you know English very well you can teach us some difficult words you know ğŸ˜Š,1,Joking
718,Thank you,1,Positive Feedback
720,How to download the workbook??,1,Questions
721,I purchased the course maam How to get acess to the work book,1,Requests for Future Content
722,"Youâ€™re right, once you have a basic command of the language, grammar is best learnt in context, by listening to speech and reading texts. Obviously choose input that is of an appropriate level, or a little bit higher. Iâ€™m English, but I cannot explain English grammar, and things like the subjunctive are a mystery to me. Often if I startbto think about a phrase I use, I realise that it doesnâ€™t make sense except as a whole. I might do something in a piecemeal fashion. But why piecemeal? What a weird meaningless word. Or I give someone a leg up. What? I arrived in time. Why in time? I just know the meaning of in and time together.",1,Questions
728,Teach me baby,1,New Subscriber
736,"Hi, I'm Atri! ğŸ˜Š I'm from Iran, pursuing my PhD in Germany. I'm looking to improve my English speaking (B2 level) and would love to connect with a native English speaker. We can discuss life in Germany, culture, language, and more. ğŸ˜Š I'm also open to sharing my useful experiences as an international student here.
Please reply to the comment if you are interested.",1,New Subscriber
740,Very recently I've been watching your channel.  This soo  terrific. Thank you so much for your explanations â¤,1,New Subscriber
756,Nice question and answer keep up good work thanks for sharing â¤ğŸ˜‚,1,Positive Feedback
763,Marina you rock! Love you forever,1,Positive Feedback
769,Hi how do you do dear I have no time to message because last 3 and 4 days I was watching war between isreal and polestine day to day war has been raised,1,Questions
770,"Hi Marina, I have watched this video twice and I won't get tired of doing it.",1,Personal Story
785,"really great video! You inspire me, thank you :D",1,Positive Feedback
798,Wow beautiful place,1,Positive Feedback
799,â¤love you teacher ğŸ‘©â€ğŸ«,1,Positive Feedback
816,Do you know nepali language its too hard to learn,1,Questions
818,"Hi good morning dear how do you do here so very hot we couldn't able to tolerate hot season actually in the mean while rainy season should come but what happened to the season no rain, no cold climate too. In the mean time war also started palestian and isreal and ine more thing when it will be started 3rd world War indeed if it is started soon all essential things would be raise huge price too. So each and everyone should pray for this war should not raise and I have to share with you coming Friday something would be happend seriously both countries says, "" That like this dear I watched 45 videos about war between isreal and palestine. Now a days America said, "" That they would have been joined in the war in case America joined afterwards Russia would be join so perhaps done like this",1,Questions
821,"Hi guys I don't know you but,
""I want the best for you, my friend. I'm worried that you could end up in hell if you don't turn to Allah (the only GOD)and His Messenger, Muhammad (peace be upon him)
 So let me  invite you  to Islam that  teaches that there is only one God, Allah, and that Muhammad is his last prophet.   
all you need to do is say the Shahada, which is a declaration of faith: Ashhado Anna la ilah illa ALLAH wa ana Muhammad Rassoul ALLH.
This means ""I testify that there is no god but Allah and I testify that Muhammad is the Messenger of Allah.""

learn more about Islam. Please",1,Positive Feedback
822,"I think I'm  very poor at this and absolutely need you as a Tudor or I may keel over and die.
Pretty please",1,Positive Feedback
823,Thank youâ¤â¤â¤â¤,1,Positive Feedback
827,Thank you for information â¤,1,Positive Feedback
833,"Hmm, I don't understand what U teach. 
Ur explanatiin too fast, 
It look like Ure being chased by a dog.",1,Error in the video
837,How can I copy the link?,1,Questions
847,"Thanks a lot,darling.
It was so interesting,and my level is B2.
Keep going.ğŸ‘â˜ºï¸
Have a wonderful time.ğŸ™‹â€â™€ï¸
From Iraq
â¤ï¸ğŸŒ¹â¤ï¸ğŸŒ¹â¤ï¸ğŸŒ¹â¤ï¸ğŸŒ¹â¤ï¸",1,Positive Feedback
848,"I love your videosâ¤. Watching from Tehran, Iran",1,Positive Feedback
852,Love you and your material Marina.,1,Positive Feedback
854,"Im my dream school ğŸ¥° thank you for sharing those motivating words , hopefully i will get into Stanford university in 2029 to study business ( bank business)",1,Positive Feedback
855,wow sweet voice and magical recomendation,1,Positive Feedback
858,"Thank u for this video

This helped me a lot",1,Error in the video
861,Thank you,1,Positive Feedback
862,"Amazing Marina!! ğŸ‘ 
What's your suggestion to how get the US visa and come to US by any other visa or case? If you can help me in this section, it would be great.  Cause I really try to come US to study and work but there are some things that don't let to go also y financial situation isn't so good and am personally looking for some full fund scholarship to get but most of them needs TOEFL, IELTS  and more. 
Am from Afghanistan and am always watching your videos and appreciate your time, hard works and amazing energy and enthusiasm that u have motivate me to learn new things and I'm so thankful â¤ ğŸ˜Š 
So I'll be happy if u can help me out with ur incredible experiences and suggestions plz 
Thanks a bunch â¤ğŸŒ¹ğŸ¥°",1,Positive Feedback
864,"A message to every foreigner who does not know the Palestinian issue.  I wanted to talk about it.  When the First World War broke out, the Zionist entity was hated by the Germans, so they went to Palestine because it was the most peaceful country.  Palestine welcomed them, and after a while they went to the Zionists, telling us that we want our rights, that they wanted to make their own land on Palestinian land, and the Palestinians said it.  This is our land, we cannot give it to you, so they took advantage of the fact that there were a large number of them in Palestine, so they started a war and occupied it.  I imagine that you are helping someone and leaving you and taking your land.  Try to search for Palestine.  God willing, you will benefit.  I am an Arab and I am 14 years old.  I may have a spelling error, but thank you very much.  For everyone who read my comment ğŸ‡¯ğŸ‡´ğŸ‡µğŸ‡¸â¤ï¸",1,Personal Story
867,Thank you,1,Positive Feedback
869,Thanks Mariya i have started from today,1,Positive Feedback
870,And l always suggest your channel all my friends and relatives you are really intellegent person for meâ¤,1,Positive Feedback
871,And l always suggest your channel all my friends and relatives you are really intellegent person for meâ¤,1,Positive Feedback
873,Hello and conguratulations from Uzbekistan and ald thanks you very very muchâ¤,1,Positive Feedback
885,Hi how do you do dear I have no chance to message you because last two days back war was started between isreal and Polesthine I think it goes like the same 3 world War will be started soonly because America also ready to support to isreal indeed if America joined in this Russia also would be joined afterwards so everyone should pray war should not be raised in the world it is more dangerous to all over world dear,1,Questions
886,Marina listen.I'm still love learning languages)Right now I only start learn Turkish so my brain enjoy.I don't know will it be useful on futureğŸ¥ºğŸ¥ºğŸ¥º,1,New Subscriber
889,"ğŸ¯ Key Takeaways for quick navigation:
01:39 ğŸ§  Relate new words to yourself for better memorization.
02:09 âœï¸ When encountering newwords in books or movies, write down only those that relate to you or that you've heard before but still don't know.
05:11 ğŸ  Create a memory palace or space with flashcards to associate new words with objects or concepts, aiding memorization.
07:35 ğŸ“š Avoid translating words on flashcards; instead, write explanations in English for better long-term retention.
09:25 ğŸ§  Use the ""90 second method"" to repeat phrases seven to nine times for improved memorization and long-term retention.
11:17 ğŸ“– Incorporate new words into stories or diary entries to practice and remember them effectively.
12:59 ğŸ“ Place post-it notes with new words on objects you see daily to reinforce your memory.
13:41 ğŸ“š Space your learning and focus on 3-5 new words a day for more effective vocabulary acquisition.",1,Positive Feedback
892,"I had watched this video and I realized that my listening ability is not bad as i think. Basically the reason is that I do not have the right way to practise listening. Thank linguamarina, your video is extremely useful and it helps me a lot enhance my listening skills",1,New Subscriber
895,Thank You so much for making these videos. Because of listening to you my English accent is so good now. I don't have a lot of vocabulary but I am very happy that I now can speak English very easily.,1,New Subscriber
897,Recently I watched one of  your video that you have posted 2 years ago. There is a huge different in the videos and It's amazing. I love the way you are doing now in your videosğŸ˜Šâ¤.,1,New Subscriber
899,From Tanzania help me I need to learn English language,1,Requests for Future Content
904,A wonderful video. I liked it very much. It is the best way to learn. I hope you will make more videos like this,1,Requests for Future Content
906,"Unfortunately the free workbook is not available, I didn't receive it in the mail",1,Requests for Future Content
909,Love youğŸ«¶ the best teacher ever â¤ğŸ¥°,1,Positive Feedback
913,i want to become a cardiologist,1,Personal Story
926,"Hello i'm in srilanka justin beiber name use and put sound in my ears daily life human body machine mind use find unknown man
Plz,? Nademal perera artist??
Romesh sugathapala, chamika karunarathna, dhanushka gunathilaka, dananjaya de silva
Himasha hasanthika
Can't tie a knot personal life
1999.02.16",1,Personal Story
932,I have been following linguamarina since 2021,1,Positive Feedback
933,"thanks, you so much i am learning new words as i am going to take my ielts speaking test. This video is amazing and quite helpful. thanks",1,Personal Story
936,this is amazing content,1,Personal Story
938,"After being recommended english teaching videos, I can safely say I don't know why I'm here. I speak english, it is literally my first language. Why am I watching videos that teach you to learn english??",1,New Subscriber
939,"Such an interesting video, really enjoyed your insights:)",1,New Subscriber
940,"Plunge, of course. My reading & listening skills r in C zone but my speaking & writing skills r on B zone.",1,Questions
941,I felt so proud at the end with â€œdoneâ€ğŸ˜,1,Positive Feedback
942,Thanks this vedio helped me most,1,Positive Feedback
944,I'm watching and listening your video.Thank you for helping me to improve my English.,1,Positive Feedback
949,Thank miss â¤â¤ God blessed you with your family,1,Positive Feedback
950,In my opinion marina should post about a little more advanced English,1,Community
955,Wats your workbook name please? Iâ€™m fluent but want to expand my vocabulary and have accent . I have Pakistani accent that I want to change. Fedup of it ğŸ˜”,1,New Subscriber
957,thank you so much but we wanna more videos like that please teacher,1,Requests for Future Content
959,"I'm at B2 :( I thought that I was at C2 since I took your test a couple months ago and the result I got was ""advanced""
I feel disappointed",1,Personal Story
962,You're the best,1,Positive Feedback
965,"You 're amazing ,I'm a big fan to you please keep going",1,Positive Feedback
968,"Methods in the video : feeling the touch and  the taste of the subject Iâ€™m reading. 

Me who is reading biology.",1,Personal Story
970,I dont know english how to learn ğŸ˜¢ğŸ˜¢ğŸ˜¢ğŸ˜¢ğŸ˜¢ğŸ˜¢ğŸ˜¢ğŸ˜¢ğŸ˜¢,1,Joking
973,"Great, thanks for this amazing idea, im waiting for new dialogs! P.s. watching u from ur native country =)",1,Positive Feedback
974,"Marina, thank you for making this video. I continue to learn English well. Thanks for the advice. We learners need a teacher like you.",1,New Subscriber
978,"Marina, thank you for making this vedio. I always remember your advice for learning English. You are the best teacher I have ever known.",1,New Subscriber
983,i m watching this from Uzbekistan. Video is so interesting and well-planned  i always watch your contents coz i really love them. also your pronunciation is clear,1,New Subscriber
984,You know you are soo much pretty and beautiful,1,Positive Feedback
985,"I have doubts about c1 test which is ""if you will follow me...."" I thought where is ""if "", there is no ""will""...",1,Questions
994,My test is in three months. I need 110,1,Personal Story
998,thanks very much â¤ï¸â¤ï¸,1,Positive Feedback
1001,"You are so much beautiful ğŸ˜, pretty, sweet and 9ice voices â¤ï¸, greetings â™¥ï¸ ğŸ™ to you all the ways from Denmark ğŸ™ ğŸ’– â™¥ï¸ ğŸ‡©ğŸ‡°",1,Positive Feedback
1004,I have struggled with my spoken English all the time. And your video do help me a lot. And l begin to step my foot out,1,Personal Story
1011,"Great video, trading come with a lot of benefits And
I have just bought my first house through it.
As a beginner I was scared of loosing my savings but 
Iâ€™m glad I took the bold step that is now favoring me.",1,Positive Feedback
1012,I'm writing on 14th of October and this vidoe has taught me a lot.,1,Personal Story
1014,"Really helpful, I'm impressed.",1,Positive Feedback
1017,Thank you so much for this amazing meditation ğŸ™,1,Positive Feedback
1022,Thanks,1,Positive Feedback
1024,That intro is really cheesy ğŸ˜‚,1,Joking
1032,"Marina,  This is a *Top-notch* Video, ( Actually ),",1,Positive Feedback
1035,For me learning foreign languages is an obligation because our prophet Mohamed peace be upon him said that who learns a people's language he will be in safe from thier evil and harm,1,New Subscriber
1040,"How many languages do you know?
How do you find time to learn so many languages?",1,Questions
1042,Thanks a lot for sharing,1,Positive Feedback
1045,Thank you but my speaking doesn't improve,1,Positive Feedback
1046,"I am from India and your video gonna help all those peoples who are really passionate to learn English language, me also ğŸ˜… so I want to say thank you so much for everything â¤",1,Positive Feedback
1047,"Hi! I am Hamza Mehmood. I have experience in graphic designing and computer networking. I can provide you:
Thumbnail designs
Logo design
Video editing
Image editing
I can make thumbnail for your video in FreeğŸ¤—.",1,New Subscriber
1048,"Hi! I am Hamza Mehmood. I have experience in graphic designing and computer networking. I can provide you:
Thumbnail designs
Logo design
Video editing
Image editing
I can make thumbnail for your video in FreeğŸ¤—.",1,New Subscriber
1050,Welcome â¤ hopefully u stay permanently!ğŸ‡ºğŸ‡¸,1,Positive Feedback
1055,Nice narrative. You are lovely. â¤,1,Positive Feedback
1056,Nive narrative. You are lovely. â¤,1,Positive Feedback
1059,"hi maam marina, im leonel from phillippines. i started downloading your video specially your english grammar lesson and i learned a lot from it. im still shy to speaking english language  because no one appriciate me here in my local bario. hope you keep making long vedio about english. i making your vedio as my radio to listen every morning while im doing my house choir. i want to send myself to english school to learn english but i dont have money to afford expensive tuition fees. but when i wacth your vedio myself started to dream again to learn in english. thank you for your effort to download vedio like this. this mking me hope to learn english for  free. today is october 09 2023. the day when i found like you teaching is for free.",1,Personal Story
1065,Yes i fund it's very important to learn english,1,Questions
1075,My test is in exactly a week and I need to score 98+ on the exam! ğŸ˜…,1,Joking
1076,"Task with answer,, aside,, is it possible to change on ,, out ,, ?",1,Questions
1078,"Marina, your content is a sight for sore eyes ğŸ‘ğŸ‘ğŸ‘ Thank you so much for your positivity, energy, smile and great mood. Indeed, now is the time of artificial intelligence and whoever learns how to use it first will be at the top ğŸ˜‰ğŸ˜‰ğŸ˜‰",1,Positive Feedback
1083,"Hey everyone! My name is Shivesh. I am an Upper intermediate to Advanced English learner and I live in India. I have been studying English for a few years, but now I really want to get a better job. So, I need to improve my English. I am looking for a speaking partner to practice with two times a week. I can meet via Google meet, Zoom, or WhatsApp. Would anyone like to practice with me and improve their English too?",1,Personal Story
1087,The plan is not available I tried to send many emails !,1,Requests for Future Content
1088,"You are not even an English teacher. 
How can you record a video like that?",1,Error in the video
1090,"ğŸ¯ Key Takeaways for quick navigation:
00:29 ğŸ“ A 30-day English learning plan is outlined for improved fluency.
00:57 ğŸ“‹ Start with a test to assess your English skills and set specific learning goals.
03:19 ğŸ¥ Watch TED videos on topics that interest you and engage in comprehension tests and discussions.
04:29 âœï¸ Write an essay about your ideal day in five years to align language learning with your life goals.
05:11 ğŸ“š Focus on grammar topics you struggle with using resources like British Council websites.
06:06 ğŸ“– Select 10 useful words, create sentences, and memorize them to expand your vocabulary.
06:22 ğŸŒ Use English in your free time, like watching English videos, to immerse yourself in the language.
08:12 ğŸ—’ï¸ Plan your next steps once you reach an advanced level, such as applying for universities.
09:22 ğŸ“– Download a grammar workbook to practice essential grammar topics.
10:46 ğŸ”„ Review the most challenging topics from your notes to reinforce your understanding.
12:08 ğŸ“Š Retake the initial test to measure your progress and share your results to build a supportive community.",1,Community
1092,"Yes Marina, It's essential for me to learn English from you and thank you for introducing online jobs. I need to work in an online job Marina. You are a kind person. Nobody helps me to earn good money, but you are helping me Marina
.",1,Positive Feedback
1094,I am watching from Bangladesh. I learned many things from you.,1,New Subscriber
1099,Thank you for showing us all this. It is very useful!,1,Personal Story
1101,Overcoming fear of speaking English...,1,New Subscriber
1103,"was here to learn German but ended up finding tokio hotel 
i am gen z so i never knew about them but now i know their songs are really great XD",1,New Subscriber
1105,Thank u Marina. I always try to hear ur accent & wanna make me like u.Thank u again inspiring me as well as my elder daughter.,1,Positive Feedback
1110,"Yes definitely, you can't do almost everything or learn anything if you don't know English, and your video is an example, your video is in English, the title is en English, I wouldn't find it if I don't know English ğŸ˜¬ğŸ¤·ğŸ»â€â™‚ï¸",1,New Subscriber
1111,ahahaha that's how you make arabic videos oooooh hahaha i  tought you were really speaking arabic,1,Joking
1130,I definitely download itâ¤,1,Positive Feedback
1131,I started following you today cause I need to develop my skills in eng and write my own grammar n etc. Notebook cause Iâ€™m planning to be an English teacher in Turkey n start my career soon in those two years thank you for your useful contact videos with all my love to you ur new student Jud ğŸ©¶,1,New Subscriber
1134,"Which one is correct.
1. I watch grammar videos to improve my English.
2. I watch grammar videos for improving my English.",1,New Subscriber
1136,love your video so much thank for a meaningful videoâ¤,1,Positive Feedback
1146,Great video! but I think the test for level A1-A2 was more at level B1. I think the level is too high for beginners.,1,New Subscriber
1153,"1 - malay
2 - 6 to 8
3 - i don't know
4 - play games
5 - go to school",1,Promoting socials
1159,I need English native teacher  could you please help me,1,Requests for Future Content
1161,"You are the best teacher . I ve learned lot,s of things from you . Please make a video about pronunciation of words in an American accent",1,Requests for Future Content
1173,Thank you for giving me Detention and in school suspension not worth it,1,Positive Feedback
1180,Loving the intro!,1,Positive Feedback
1186,Actually l want to say thank you to you for this ğŸ’,1,Positive Feedback
1187,"I don't know why, I can only speak English when Iâ€™m alone at home and Iâ€™m scared when I meet people. Answer me if you can",1,Personal Story
1189,Capcut for captions is good too,1,Constructive Criticism
1191,Thank you so much mam for your kind efforts,1,Positive Feedback
1194,Thank you a lot for this video! It is very helpful and gives so much needed information.,1,Community
1201,"Marina, learn English",1,New Subscriber
1203,"Thank you for this, im currently studying for a big exam for IT and im overwhelmed especially when im no longer college age",1,Positive Feedback
1211,You r awesome creator,1,Positive Feedback
1216,you look so beautiful in this videoâ¤â¤,1,Positive Feedback
1218,Advanced its not natural. Give me a time to rest or a break.,1,Questions
1220,I am India and it was a great experience,1,Personal Story
1224,My level is b1,1,Positive Feedback
1227,"yes almost true and extremely easy way to use your time wisely , but not for all of us . the rest of us are not learning in English just to create  content . For example, I have been learning English since i decided 2 Years ago, and without any professional teacher or something like this . Maybe, for some of us my English is not enough but as you said Marina Who cares about it ?, I'm the boss here  and Frankly I don't mind in general. I stopped thinking about my accent and decided to focus on my target. to make a long story short if you are learning in English improve yourself or to reach your aim , you need to work hard , Your videos helped me improve my English because your positive energy is mind-blowing  and directly effect people who really need thatâ¤",1,Positive Feedback
1228,I really wish to pass oet examination. This is very helpful for me..â¤â¤,1,Positive Feedback
1231,"Marina, Iâ€™m not a doomer, but now I get this feeling that these jobs will be devalued very soon because now you donâ€™t have to be that professional to do all these things
Themore people will be doing harder stuff than it use to be, the less money all of them will get for that.",1,Questions
1234,"I'm captivated by your video! - ""Your determination is the key to your dreams...""",1,Positive Feedback
1238,Your English is awesome! ğŸ‘,1,Positive Feedback
1243,"It all depends on your goals. AI can't appreciate culture for you in other languages. You can't help people without access to the technology unless you know the languages they speak. Your brain doesn't benefit from the added neural networks of knowing how to express the same concept in multiple ways. And it's a sad day when we allow technology to take over. We cannot trust machines over our own selves. There are always unforseen consequences to every decision, invention, discovery, technology, application.... proceed with caution.",1,Personal Story
1244,I can't download free workbook. Why? ğŸ˜ª,1,Questions
1246,Thank you for such an amazing video!,1,Positive Feedback
1259,"Such a pointless video. Heygen just works for videos and it is not natural. I can't stand listening to a robot even for a minute. And when it comes to learning a language, it has nothing to do with heygen. It is all about interaction with people around you and colleagues at work",1,Irrelevant
1261,Nice video I am from india,1,Positive Feedback
1263,Am in Germany and I speak English English can I do this,1,Questions
1265,"I was 0 in English but when i started to see your video, I improved English â¤ thanks marina for helping us ğŸ‰ğŸ‰ğŸ‰best wishes for you â¤ğŸ‰ğŸ˜Š",1,Positive Feedback
1270,"I have been following Linguamarina for 2 days. I subscribed your channel yesterday, and I love your videos so much!",1,New Subscriber
1276,Thank you,1,Positive Feedback
1281,"Marina i know it was about several years when you experienced the hair fall process but i just want to ask you how's your hair now is it good, i am processing this sitiuation and it's about two years, tell me is your hair fall until now?",1,Personal Story
1284,I likes your video â¤ you are the best English teacher â¤â¤,1,Positive Feedback
1287,"Marina , thank you for this  awesome meditationâ¤ğŸ‰",1,Positive Feedback
1293,3-minute chat before getting into the subjectâ€¦,1,Questions
1294,Thanks friend please sapurt me.,1,Trolling
1302,"Suss , This video is Scary ğŸ˜¢",1,New Subscriber
1308,Thank you teacher.. This video is significant and mesmerizing for me,1,Positive Feedback
1311,I kinda HAVE to finish it cuz i get 0% recess if i havent finished atleast 10 chapter books every 9 weeks ğŸ˜­,1,Requests for Future Content
1312,I need someone practices English with me pleaseğŸ˜¢,1,Community
1313,It's was so awesome that i couldn't realize that i watched the whole video ğŸ˜…,1,Personal Story
1314,"C1 first question... ""I will usually go for a short walk before going to bed.""

The sentence is correct, but it is a bit unusual to use the future tense (""will"") to talk about a habit that you usually do. It would be more natural to say ""I usually go for a short walk before going to bed.""
The only reason you might use the future tense in this context would be if you were making a promise or a commitment to someone. For example, if you were talking to your doctor about improving your sleep habits, you might say ""I will usually go for a short walk before going to bed.""
But in general, it is more natural to use the present tense when talking about your habits.",1,Questions
1315,"Thank you so much! I am practicing my english after a lot of years, your video is so good, I'm using now all the phrases every day in my new job! Best regards from PerÃº.",1,New Subscriber
1324,"Great content, very informative thank you â¤",1,Positive Feedback
1327,Thank you â¤,1,Positive Feedback
1330,"Worst advice I ever heard. 
More like if youâ€™re halfway through and you donâ€™t like it or are dreading reading cus of it, drop it.",1,Error in the video
1341,"Hello, i am from Indonesia. I have been watching your video's. Never get me bored. I am going to check the apps and webs as you have written in this content. Thank you very much, Marina",1,New Subscriber
1343,Are you ready to put your English to work? :),1,Questions
1350,Heyyy I'm starting marathon see u one mont letterğŸ˜…,1,Joking
1351,Can you help me to make GPT account,1,Technical Issues
1352,"Hello Marina, Thank you for sharing this insightful video.",1,Positive Feedback
1353,How make GPT account i need to help,1,Technical Issues
1354,Oh my god this is so difficult lm so scare of the test ğŸ˜¢,1,Questions
1363,are you help me,1,Questions
1364,I am from Azerbaijan I do not speak English language but I want that I learn English language,1,New Subscriber
1365,"It's no longer a story that the world is experiencing a global economic downturn, I'm so happy that I've been receiving $64,000 from my $15,000 investment every 14 days.",1,Positive Feedback
1367,"As always itâ€™s informative , thanks Marina! ğŸ˜Š
Perfection = Marina â¤ï¸",1,Positive Feedback
1369,"Ms Marinaâ¤ thanks a lot for your recommendations, love you!",1,Positive Feedback
1373,Really admire your honesty despite the nature of your business!!! I like your openness to trying new things. Congratulations on your new channels' successğŸ‘ğŸ‘ğŸ‘,1,Positive Feedback
1375,As question we can dowlnload it from play store???,1,Questions
1379,"Dear Marina,I just wanted to say a big thank you for your amazing YouTube content that has helped me improve my English so much! ğŸ™ŒğŸ“š Your videos are awesome, and I'm truly grateful for all the valuable lessons and tips you share. Keep up the fantastic work! ğŸ’“ğŸ‘ğŸŒŸ",1,Positive Feedback
1382,Thank you Marina for your all english videosğŸ‰,1,Positive Feedback
1383,"Hi, i'm a beginner learner, and i had listened for yours videos, an i think that the AI its the good thing, but it's not the best. i write this comment, now, for granfully ti your job. Your videos are very helfully for my.",1,New Subscriber
1389,You are such an amzing teachers you never fail to give us the best information...you leave no stone unturned!! Hats off to you Marina!! We all love youâ¤,1,Community
1390,Congratulations,1,Positive Feedback
1392,"AI will change everything actually itâ€™s changing, but I see only advantages. It helped me to prepare for my final exams and it was so good. Marina thanks for this informative videoâ¤",1,New Subscriber
1395,Hello mam I love you very muchğŸ¥°Take love from BangladeshğŸ«°,1,Positive Feedback
1396,The AI-generated thumbnails and logos look fantastic! 'Mid Journey' seems like a must-try tool for anyone looking to create eye-catching visuals.,1,Community
1398,We need to learn English or other languages if we want to freely communicate with the native speakers. Just imagine how boring communicating our own thoughts will get when we will be using AI for translating our every single idea. ğŸ˜¢,1,New Subscriber
1400,"I'm all ears to watch your video in 2023, you're inspire me.",1,Requests for Future Content
1401,thanks for giving me idea to earnğŸ˜‡,1,Positive Feedback
1403,Could you make a video speaking in Spanish (with AI) ğŸ¤“ğŸ¤“ğŸ‘âœ”ï¸ğŸ’¯,1,Requests for Future Content
1404,"hii mam 
i  want you teel you that plz make a video  on proper english like how foreginers speak so that we can come to know that whats the real prounciation and how to speak fastly the words",1,Requests for Future Content
1406,Yayyy!!! Finally you uploaded a video on this channel. I had been waiting for so long for your new video. Lots of love from India! ğŸ˜Šâ™¥ï¸ğŸ‡®ğŸ‡³,1,New Subscriber
1408,You are sharing so many secrets dear ğŸ‰ thanks for this,1,Positive Feedback
1409,"I have been followed Lingumarina for 3 years.
I have been followed Lingumarina since I was 15.",1,Personal Story
1436,Do you think it's still essential to learn English in today's world?,1,Questions
1440,"Hi, Marina!
Thank you so much for your amazing video. This is really boost my confidence in learning English. 
Thank you for helping us and for sharing your tips that grow us.",1,New Subscriber
1445,How much of your book,1,Questions
1447,That was so helpful. Your way of teaching is attractive because through them I'm learning incremental words per day. Thank you very much.,1,Positive Feedback
1449,I wanna learn English for job and research .,1,New Subscriber
1461,Link to download pdf of the verbal phrases is not working,1,Technical Issues
1467,"Hello, 
I have been following Linguamarina for 8 months.
I have been following Linguamarina since 2023.",1,New Subscriber
1468,"Hey, thankyou so much...Really helpful content",1,Positive Feedback
1471,"First it felt a little awkward listening to myself in a quiet room, but actually it was a very helpful video!! :)",1,Personal Story
1474,"Hello Marina, I'm a camerounian and i'm listening your video from Ivory Coast. I love the way you use to explain us the basic english. You make me increase my level in this language.",1,New Subscriber
1482,"Thank you!!! I really loved your video about the accents :) now I see that I pronounce some of the words in the American matter, while others I say like British people do. You motivated me to learn more about the accents and use them in a better way ğŸ‰ thanks a lot!!!",1,Positive Feedback
1485,Wow! What app is it ?,1,Questions
1489,Thank you so much for being so kind. for being so genuine. for being so polite and nice. I wish i could talk to myself like you,1,Positive Feedback
1493,I'm watching and listening your videos to  learn English.,1,New Subscriber
1494,U are my first English teacher on YouTube I love u.ğŸ˜ğŸ˜ since 3 years I follow you.,1,New Subscriber
1497,Yes Thanks,1,Positive Feedback
1499,"Thank you â¤ï¸â¤ï¸â¤ï¸,I want to become like you someday ğŸ˜â¤ï¸",1,Positive Feedback
1504,"You should go for modeling rather than teaching elementary English ğŸ˜‚,",1,Joking
1520,Network can't talk with other person  personally in every place so is still nacesary learn lenguages.,1,Community
1527,"B1,thank you very much for this helpful videoğŸ˜Š",1,Positive Feedback
1537,thanks,1,Positive Feedback
1540,"Task 3 is 60s long. With your suggestions
Article (10-13s)
Professor (37s)
Conclusion (3s)
you only spend 50-53s. What about the rest of the time?",1,Positive Feedback
1541,"Hello from Algeria
I'm always watching your videos and it helps me a lot thank you so much â¤",1,New Subscriber
1545,"I believe this playlist could greatly benefit many students. However, charging a fee for access might not be the best approach, considering you're already generating income from YouTube views and other business ventures. In India, numerous individuals are unable to afford such resources, which is a harsh reality.

If you genuinely want to assist others, consider making this playlist freely available like a standard one. If your intention is to monetize certain courses, please don't take this comment to heart(serious). 

(I'm one of your students, and I apologize for my previous comment; I hope you can understand my perspective)",1,Positive Feedback
1548,"Mam I have many idea to start a profitable business, but I haven't investor, are you interested to invest my business?",1,Questions
1549,Cant complete day-0 task why,1,Questions
1560,Very amazing vlog thanks for sharing,1,Positive Feedback
1562,Sounds interesting thank you for making my English better and better,1,Positive Feedback
1587,Thank u so much marina i think i'm finaly making progress â¤,1,Positive Feedback
1591,I passed it with ease...,1,Positive Feedback
1592,Anybody here can help me to improve my English??,1,Community
1594,"Cool , i love your style â¤",1,Positive Feedback
1596,This is unbelievably well ğŸ‰â¤,1,Positive Feedback
1600,I decided to learn English because I want to improve my communication skills and to boost my confidence. It can open up opportunities.,1,Personal Story
1601,"9:49 
I hope I could study in USA ğŸ‡ºğŸ‡¸ and get my master as well as PhD degree in Aerospace Engineering to work in military and airlines and NASA.",1,Error in the video
1602,"I want to learn to speak English fluently.
I decided to watch your videos.I hope it will work for me.",1,New Subscriber
1604,thank you so much for this video and I get my confidence and courage to creating my dream life.,1,Positive Feedback
1607,Where to get that book mam,1,New Subscriber
1609,Sexy,1,Positive Feedback
1610,"Put captions like this, it's difficult",1,Personal Story
1613,"Hi Marina,
I loved your meditation.
I want to work in the Judicial branch. Iâ€™m a lawyer.",1,Positive Feedback
1615,Attention is a hell of a drug ğŸ’©,1,Positive Feedback
1622,Thanks For your help,1,Positive Feedback
1623,You're the best actress â¤,1,Positive Feedback
1626,I can't afford buying course,1,Requests for Future Content
1629,"My first time watching you
Subscribe
Like
Good job ğŸ‘",1,New Subscriber
1632,Hi Marina first I wanna thank you for your fantastic helpful and  great videos you helped  me a lot to improve my English  so thank you for everything I hope you will get better and better in your career,1,Positive Feedback
1634,you are very good for teaching english language,1,Positive Feedback
1646,New subscriber here from India nagaland ğŸ˜Š,1,New Subscriber
1675,Thanks ğŸ™ a lot!01.06.23,1,Positive Feedback
1681,"I m from India and I love to watching your videos. On every sentence I learnt something new. Your English conversation script is different from other youtubers , so thankyou Mam to being a good serve in terms of knowledge",1,New Subscriber
1685,I am B2! Thank you so much ğŸ˜ŠğŸ‰ğŸ‰ğŸ‰ğŸ‰ğŸ‰ğŸ˜ŠğŸ˜ŠğŸ˜ŠğŸ˜ŠğŸ˜Š,1,Positive Feedback
1686,"I'm from srilanka srilanka leaders free servise to me in srilanka artist enter my life and put sound in my ears daily mylife president nandasena gotabaya
Mind use find mybody and my ears human body machine
Marvin silva, chandrasena hettiarachchi, yohani de silva, nilan hettiarachchi, yureni noshika, torturer surround my room guest man
Somarathna disanayaka, renuka balasuriya, manel wanaguru, shiroshi romeshika, amal perera, rithu akarsha, sonali fonseka, iresha asanki, nilanthi dias?
Himasha hasanthika
1999.02.16",1,Questions
1698,"Hello Marina..  First of all is an amazing felling been here and type to you, because, your youtube channel was one of the first channel that I tried to whatch and learn with...  Of couse at begining I was a desaster Rsrsrs.. But nowdays I trilled to share that my english had so many improvement and your videos have always on my playlists.... So Thanks.   PS:  I also Love the Silicon Valey Girl.",1,Positive Feedback
1704,"Hello marina , i'm happy to find your youtube , i just start learning my english bcs my english so bad i feel. but i try everyday make progress. my big dream is have a job make me happy , make independent women.",1,New Subscriber
1709,"At the same time, there is also the concept of boundaries in psychology. So, you may want to set boundaries with certain people due to the situation / depending on how advanced your relationship is with them. In this case, you might purposely use the advice in the video above.",1,Personal Story
1713,I want to study the USA university,1,New Subscriber
1714,I love this video it`s so much useful for me,1,Personal Story
1720,That's really great idea to improve our pronunciation and speaking skills and build confidence too! Really looking forward to more such videos!â¤,1,Positive Feedback
1724,You program very nicely and you are charmingâ¤â¤,1,Positive Feedback
1732,can you make video with this tool in terms of how to use it or what is the advantage  or disadvantage of it,1,Questions
1733,I think languages are  just necessary for personal growth,1,Personal Story
1742,Do you know why i like your vedios marina because your pronounciation is esay to understand and your accent is very clear i like it ğŸ‰ğŸ‰ğŸ‰,1,Positive Feedback
1743,ya i'm not yet start thinking in  inglish but i will soon learn to thin in english i will practice on it tanks love from pakistan,1,New Subscriber
1744,Thank you very much â¤â¤â¤,1,Positive Feedback
1749,I support you. Have a nice day.,1,Positive Feedback
1751,I love you beacause you help me every single day... Thanks,1,Positive Feedback
1752,"Iâ€™m in Canada right now and I need to practice my English, your videos help me a lot, thanks for everything. â¤â¤",1,New Subscriber
1753,Itâ€™s funny how she is trying to teach us English and when I can barely understand her likity English!,1,New Subscriber
1754,"Great video by Marina, very interesting. I liked it much! She is a great English coach! I like her much ğŸ’•ğŸ’ğŸ¤—!",1,New Subscriber
1755,I am a grade 9 student I come from another country but I can't speak English just a little bit but I am just trying this question and I got only 10 correct answers but am Happy b/c I am good and I hope you help me more than now and thank you for the test â¤,1,Questions
1758,Thanks a lot â¤â¤â¤,1,Positive Feedback
1762,Very useful. Spasibo bolshoye! â¤ï¸ğŸŒ¹,1,Positive Feedback
1763,Thanx for making me have hope for my country again. Small towns are great,1,Positive Feedback
1785,I don't wanna be completely dependent dependent on technology. It's not really worth it.,1,Questions
1786,My TOEFL is tomorrow and I need to score at least 95 ğŸ¥µ,1,Positive Feedback
1787,You learn for yourself... but yeah actually ai is gonna change the world a lot,1,New Subscriber
1788,"Excuse me. 
Why are you naked? ğŸ¤”
these clothes are not appropriate for teaching a language, perhaps in your personal life it's appropriate.",1,Error in the video
1794,"Hey...i tried to get the workbook but it can't happen i put my email & said ""the workbook has been sent to your email"" but when i check my email i can't find it...does the link expired?",1,Personal Story
1796,"Learning foreign languages will still be useful. It is amazing what AI can do, but we need some kind of frame of reference to check it against in order to make sure it behaves correctly.",1,New Subscriber
1797,"Whoa! That's pretty amazing. Accents and everything... 
As exciting as the technology is, I still am proud to stumble through the 5 languages I have studied.  It is so rewarding.",1,Personal Story
1798,Good for video but what with everyday conversation? Still worth to learn languages,1,New Subscriber
1799,"It's just unbelievable
I don't getcha until you have told later that this is being done by AI ğŸ˜®ğŸ˜®ğŸ˜®",1,Questions
1800,Do you think learning languages is still necessary in the modern world?,1,Questions
1803,Thank you Marina for your English lessons with Meditation. It will help me to learn English faster. Your English teaching is always good Marina. I need more lessons from you. I miss your classes.,1,Positive Feedback
1804,No one is teaches like you mam,1,Personal Story
1805,Your speaking english language is so bad because when anybody new started. You should watching Poc English,1,New Subscriber
1821,That great ğŸ‰,1,Positive Feedback
1828,Yes this is true!!! Thank you for saying positive things and help reminding me why I like living here. ğŸ¥°ğŸ’“ğŸ’—ğŸ’—ğŸ’—ğŸ’“ğŸ’“ğŸ’“ğŸ’“ğŸ’—ğŸ’—ğŸ’—ğŸ’—ğŸ’—ğŸ’—,1,Positive Feedback
1832,Thanks for your grateful meditation ğŸ¤,1,Positive Feedback
1836,Marina in 2014 sounds nice and natural. Now you make pauses and try too hard and too loud. Imho.,1,Positive Feedback
1841,Wow!you are genius.,1,Positive Feedback
1845,"Thank you dear..
And Yellow blue BusğŸ˜™ğŸ˜™",1,Positive Feedback
1847,I wanna travel to many countries and be interpreter,1,Requests for Future Content
1854,"Hi there, i am looking for an English speaking partner. I guess my level is upper intermediate. I just want to become more fluent. If you are interested, please reply this comment: ğŸ™",1,New Subscriber
1859,The reason why? you like a great teacher,1,Positive Feedback
1860,I've been following Linguamarina since September only this year,1,Positive Feedback
1861,"Heyyy there, I need TOEFL IBT overall score of 80 (Listening 17, Reading 18, Speaking 20, Writing 17); in 2 months!
and I think I can do better after watching this video. so thank you ğŸ™ğŸ¼",1,New Subscriber
1866,I'm really love this vedio. And thank you so much for your help â¤,1,Positive Feedback
1869,"Thank you so much, Marina! Watching from Tajikistan!",1,Positive Feedback
1870,"I adore you and your Videos, I think your course and advices helps to my grade increasing, thanks you for all......",1,Positive Feedback
1871,if i couldnt come to those universties i try to learn english like native speaker if i could not i will kill myself!,1,Questions
1875,Inshallah I will get a 7.5 score. I will prove to myself I can do it. It's my dream goal. Anyhow I will achieve this goal.â¤,1,Positive Feedback
1876,"According to my center I need to get a 90 at least, We made mock exams an I got 83, My exam is next week I hope I can get there, Thanks for the video, It helped a lot.",1,New Subscriber
1883,"Marina, I appreciate what  you do for us. But please when you explain meaning of phrases - ask native speakers about that. I stopped to watch your presentation to the middle.",1,New Subscriber
1884,Becoming a great registered nurse in the US and travel all over the world,1,Questions
1890,Thanks for your help. I'm from Cuba.,1,Positive Feedback
1891,"thanks Malina
I want a friend for english speaking",1,Positive Feedback
1900,Thank you so much Ms marina I liked how you explain specially grammar  I'm really Appreciate you,1,Positive Feedback
1901,"I have been working for 5years
I have working since 2022",1,Positive Feedback
1905,I have big goals for work on cruiship. Thats reason i wanna learn english. Thanks a lot for meditation,1,New Subscriber
1909,i focus on speaking most and now i struggle with grammar i have to learn grammar now,1,New Subscriber
1911,Lovely Maria :),1,Positive Feedback
1913,All are awesome ğŸ‘,1,Positive Feedback
1914,"The topic of your video clips is the topic of the common daily life used and thatâ€™s why Iâ€™m interested on,
For example like yes, No, Alots, thank you ,how are you, In addition to that the way you explaining is in detail and it makes the listener easier to understand stuff like that. Load of love",1,Questions
1916,"Thanks for your video, it's very lit and useful. I will pop into this lesson again to learn some vocab",1,New Subscriber
1928,"Wow... this is hard ğŸ˜‚ i thought I was B2, but in this test I still in B1. I challenge myself to continue the test to C1, it was terrible. Nothing is correct. I gotta learn more and improve my vocabulary",1,Questions
1929,"Wow... this is hard ğŸ˜‚ i thought I was B2, but in this test I still in B1. I challenge myself to continue the test to C1, it was terrible. Nothing is correct. I gotta learn more and improve my vocabulary",1,Questions
1942,Oh nice marina you give me such a nice tips.Thankyou for sharing your Ideas.,1,Positive Feedback
1943,"this video inspired me so much. my biggest dream is i want to study abroad take postgraduate next year. so many people mocks me, judge me, all the time i heard that. it really hurts my heart and feeling. but through your video i can started to confident. i always remember this quotes ' if there's a will, there's a way ' thank you so much xoxo build my spirit again to learn english more. i'll do my best",1,New Subscriber
1947,"Hi marina this meditation video is amazingâ¤
I'm relaxed, ejoyed from this. I love you very muchğŸ˜Š",1,Positive Feedback
1949,great teaching my life,1,Positive Feedback
1958,"I've been following Linguamarina for 2 months
I've been following Linguamarina since July 2023.",1,New Subscriber
1959,"When I was 14 I used to overthink about my own dreams which I have,however; when I grew up I thought that Itâ€™s something untouchable now so why are you overthinking then I made decision to be focused on my purposes and shouldnâ€™t think about the future so I realized that this method has been worked out so nowadays Iâ€™m significantly near in my dreams. Iâ€™d recommend focusing on your time is really important if you prevent it you will be definitely anxious you would be successful when you make your brain comfortable then do the appropriate obligations in your entire life. Thank you!",1,Personal Story
1961,*Me who learned this in the 2000s with the help of midtown madnessğŸ˜‚,1,Personal Story
1975,if we want to learn english then how we can understood what u r saying before learning ğŸ™‚,1,Questions
1978,"I feel a lot better after watching your video clips well , my respond to your question how are you is not bad thank youâ¤
I hope your video clips can help lots of people who struggle with theirs English problems like me.",1,Positive Feedback
1979,"When I will study english, think I need to study also different english ğŸ˜",1,Joking
1981,Lord Jesus Christ died for you and is waiting for you to ask Him into your heartâ¤â¤â¤,1,Community
1987,Thanks. This what I was looking for,1,Positive Feedback
1995,I don't know English very well my family bully me for not getting to know English and I feel worse so I saw this video and it kinda helped but still they are bulling me,1,Personal Story
1996,"Hi Marina,
You have no idea, how much you helped me. Your videos are like my motivation to learn English. The fluency I have right now in English is because of you.",1,New Subscriber
1997,I need more like this please Marinaaa,1,Requests for Future Content
2000,The video which draw my attention was about improving my grammar,1,Error in the video
2001,"Hello marinnnâ¤
Will u pls give me a clarity about the word ""cringe"" in your style",1,New Subscriber
2005,Thatâ€™s amazing listen to you and thank you so much of make me confident and helping me learn English wish your videos.god bless you!,1,Positive Feedback
2013,"Thank you for this great lesson
For the last phrasal verb turn down , can we use it in both formal and informal conversations ?",1,Community
2015,"To speak English quickly and understand natives better:

1. **Practice Regularly:** Consistent practice is key. Engage in daily conversations, read, and listen to English content.

2. **Immerse Yourself:** Surround yourself with English media â€“ movies, TV shows, podcasts. This helps you get used to the speed and nuances of native speech.

3. **Listen Actively:** Pay attention to how native speakers articulate words, their intonation, and rhythm. Mimic their speech patterns.

4. **Expand Vocabulary:** A rich vocabulary enhances understanding. Learn new words daily and try to use them in sentences.

5. **Speak with Natives:** Engage in conversations with native speakers whenever possible. This helps you adapt to their pace and pronunciation.

6. **Use Slang and Idioms:** Familiarize yourself with common slang and idiomatic expressions. Natives often use these in casual conversations.

7. **Watch Your Pace:** While speed is important, clarity is crucial. Find a balance between speaking quickly and enunciating clearly.

8. **Practice Pronunciation:** Work on your pronunciation regularly. Use online tools or language apps to fine-tune your accent.

9. **Join Language Groups:** Online language exchange platforms or local meetups can provide opportunities to practice with native speakers.

10. **Ask for Feedback:** Seek feedback from native speakers or language tutors. Constructive criticism can help you identify areas for improvement.

Remember, it's a gradual process, and consistency is key.",1,Constructive Criticism
2017,For me the application is the nightmare. I just dont remember when i should use a certain tense and end up defaulting to something like past simple,1,Technical Issues
2018,You looks so beautiful through brain and outer appearance â¤â¤â¤â¤â¤â¤â¤,1,Positive Feedback
2030,"Hello teacher your video very very learning english healping,thank you so much, i am from Bangladesh â¤",1,Positive Feedback
2032,"As an Indian, I am now able to speak in an American Accent Fluently thanks to you. Thank you so much Marina!",1,Positive Feedback
2036,cool =),1,Positive Feedback
2039,Thank you so much,1,Positive Feedback
2040,Hi Marina u r great. I like ur videos. Ur welcome to visit India and see the Gods'own country Kerala. I am from Trichur where the world renowned Pooram Festival is held annually. See u bye,1,Positive Feedback
2043,"I watch you from Istanbul, Actually you impressed me, you have a highly unique style, Good job.",1,Positive Feedback
2044,Thank you so much,1,Positive Feedback
2053,Wow. Nice reflex,1,Positive Feedback
2054,"Great Teaching thanks Teacher , I'm Ananda,  I'm from Sri lanka, I'm learning English language,",1,Positive Feedback
2057,"Hey Marina, please help me as i am facing trouble with TOEFL preparation. I am preparing from about 2 months but still my score in R18, L20, W18, S15. Please guide me what should i do coz on 22 oct i have my exam . I am really worried about exam. I hope that you reply to me as soon as possible.",1,Personal Story
2065,wow i liked the way u teach english i just love itğŸ˜ğŸ¥°,1,Positive Feedback
2068,i feel completely overwhelmed with english,1,New Subscriber
2073,"Hi marina,Your videos are mesmerising furthermore i admire to watch your videoâ€™s moreover your updated videos are significantly impressive.",1,Positive Feedback
2077,Hi marina  ! your accent to learn english is so amazing now i practice on it and i'm able to speak english thaks such great teacher love from pakistanâ™¥â™¥â™¥,1,Positive Feedback
2089,"I am not a native speaker can I be able to get use to do any word's pronunced as well native speaker..

i am from Sri Lanka, Most of our country peoples speak as south asian english.

But however I like to learn and speak  very fluency..

But as I feel It is very difficult to do ğŸ˜¥",1,New Subscriber
2091,"Thank you ğŸ˜Š ğŸ’“,  you are a amathing .You give me inspiration to achieve my goals .",1,Positive Feedback
2101,"I love short YouTube for English, like I got the point to watch it",1,Irrelevant
2116,What a lovely girls .i want to check your heart and external marphology ğŸ˜®,1,Positive Feedback
2118,Thank you very good explanation,1,Positive Feedback
2121,My goal to learn English is to be able to communicate other people around the world and build my YouTube channel.,1,Community
2125,Wow! It's so helpful! It's my first time learning kitchen vocabulary after a decade of learning English. It's so fun watching words in real life â¤ğŸ™Œ,1,New Subscriber
2126,"can borrow...I hope you won't give it back, lol!",1,Joking
2129,"thank uuuu!!! so much why I am learning English ? because it's opening doors and opening my world , as you said communicating with more people and helping and  I am so happy in this trail chosen Â¡Â¡Â¡ thank you so much for this fantastic video Marina , and u know it , we are creators Â¡Â¡Â¡",1,Positive Feedback
2132,Superb location,1,Positive Feedback
2135,Love it,1,Positive Feedback
2136,Anyone that I know that and learn that will show me no more so show me hello in tho school ha ha I didnâ€™t have school or will I have school?,1,Questions
2137,marina please make a video related to the SAT english please,1,Requests for Future Content
2150,Namashkar â¤ This is the first video of yours that I have watched I truly love the whole video it gave me the feeling like 'I was totally watching a Flim ' your video gave me so much positivity â¤.My name is Ankita and I am watching it from India â¤ğŸ˜Š,1,New Subscriber
2158,Very good then thanks for your tutorial â¤,1,Positive Feedback
2160,Ma'ma your smile is amazing you know I am so happy because your all videos is interesting and very helpful me,1,Positive Feedback
2164,Thank you for this video. I believe your words are gonna help many of us .This is so motivating. I also wish to speak good English one day and interact with people from all across the world. I hope one day even   my words would also have some influence on others !â¤ï¸,1,New Subscriber
2172,"hello Marina, I am from Indonesia. my English is not good but I want to learn it to be a better person expecially in English language, its so cool that I can meet your videos, I start to studying English again and you are make me motivated to improve my English skill. I really enjoy your videos and really like your pronounciation. thanks Marina.",1,New Subscriber
2175,Want to have friends to practice my English,1,Promoting socials
2176,"I've been following Linguamarina for 3 days.
I've been following Liguamarina since September 28, 2023",1,New Subscriber
2179,"This is amazing,  lov ittâ¤",1,Positive Feedback
2182,"I study English at the University and I need to learn the 4 skills speaking, listening, writing and reading ğŸ˜…",1,New Subscriber
2187,"Hi marina, I am from China, your meditation deeply affect me and let me realise there are many magical things in learning english, not only the english exam.",1,New Subscriber
2188,Please teach about either,1,Requests for Future Content
2190,thanks for your so elucidative explanation...,1,Positive Feedback
2192,"Thanks a lot :) I just explored your channel. I was all ears really, because I am in trouble with memorizing words.",1,New Subscriber
2196,I'm fighting with learning of English Alone ..,1,Questions
2200,"I've been following Linguamrina for 4 months.
I've been following Linguamrina since July",1,New Subscriber
2210,Plz provide me the pdf,1,Requests for Future Content
2219,Hey Marina. I'm from Uzbekistan.Thank you so muchğŸ¥°ğŸ¥° that you inspired so many people all over the world to learning an English language,1,Positive Feedback
2228,"FOR
1- reading books to children has significant educational benefits.
2- employee benefits (Ã§alÄ±ÅŸan avantajlarÄ±)
3-  I quit eating junk food to improve my health. 
4- she never quits, no matter how difficult the challenge is. ( no matter: ne olursa olsun)
5- no matter ehat happens, I'll always be there for you.
6- She's determined to succeed, no matter how difficult the journey.
7- She succeeded despite the challenges. (zorluklara raÄŸmen)
8- Despite the challenges they faced, they never gave up. ( karÅŸÄ±laÅŸtÄ±klarÄ± ....... asla vazgeÃ§mediler)
9- you've been modest. (mÃ¼tevazisin)
10- she scheduled an appointment with her manager to discuss her project. (randevu ayarladÄ±)
11- she offered to help me move this saturday, nevertheless I would rather reschedule it to sunday when I have more free time.(teklif etti, ertelemeyi tercih ederim.)",1,Positive Feedback
2229,IM FINE AND SHINE ğŸ˜Š,1,Positive Feedback
2232,"my homework:
1- Thanks to a very difficult day at work, I don't want to go out tonight.
2- As a result of my very hard study, I scored 115 out of 120 on TOEFL.
3- I scream at him out of anger.",1,Personal Story
2236,"TO
1- destination: (varÄ±ÅŸ yeri, gidilecek yer 
2- I am going to be unique by the way.
3- time: it's a quarter to 2.
4- I prefer watching Marina's videos to studying by myself.
5- I favor watching Marina's videos for self-sudy.
6- she is the receiver of all the praise for her hard work. ( Ã¶vgÃ¼leri alan kiÅŸi)
7- Ä± composed an email to my colleague. (iÅŸ arkadaÅŸÄ±, meslektaÅŸ)
8-  she remained composed during he stressful meeting. (sakin kaldÄ±)
9- his words didn't get to me; I remained calm. (etkilemedi, sakin kaldÄ±m)
10- to express reason (nedenleri ifade etmek iÃ§in)
11- I have started learning English to get a job promotion.",1,Personal Story
2238,"Thanks a lot, the style of this videos helps me to charge my positive powers, to continue in learning English and to be more confident. so, actually thanks again.",1,Positive Feedback
2247,"Thank you so much marinağŸ‰ I have tried to get the workbook through the email, but I couldn't receive it... I tried to several times and another emails. How can I get it? thanks!",1,New Subscriber
2250,Love the intro!!!,1,Positive Feedback
2253,"Marina you have a new follower, me!!! ğŸ˜ğŸ‰ğŸ™ŒğŸ» Looooove your videos!!!",1,New Subscriber
2255,I really like Marinaâ€™s videos â¤,1,Positive Feedback
2258,This is simple. Give me some advanced pro level stuff ğŸ˜‚ğŸ˜‚,1,Joking
2262,"Hi, miss your videos are amazing and good.",1,Positive Feedback
2268,"Hi,marina. My biggest dream is settle in Beijing, Da xing. The reason I learn English is because I want more opportunities when I apply for a job.",1,Personal Story
2276,You're amazing Maria.  would you please tell me  how can I find a native speakers to talk with them please repeat to my comment,1,Positive Feedback
2280,"Hey Marina, I had a question.
In the end you mentioned about entering university codes in the system. How can we send the scores directly without knowing our scores?ğŸ˜…",1,Questions
2282,Amazingâ€¦.helpful,1,Positive Feedback
2283,It was very hard for me to learn commas si,1,New Subscriber
2285,I will try with this plan.,1,Community
2291,I've been following Linguamarina for 2 month,1,New Subscriber
2292,You looks so beautiful ğŸ¤©â¤ï¸,1,Positive Feedback
2294,"Hi, Marina ! I am from India . I also from your side means I am  a teacher of a  Secondary School.. I am teaching English Grammar that's why I  often  watching your vlog. I like your  English speaking. Your voice also loud and  clear,easy to catch the words. I wish I could talk with you  ! Thx",1,Positive Feedback
2299,Yes I have done all correct,1,Positive Feedback
2300,This video is amazing .I am going to learn with you like achive my gols .I want to be an excelent English teacher ande this video and your word helped me.Thanks,1,New Subscriber
2304,I need your help ğŸ™,1,Joking
2306,I wanna somone practice With meğŸ˜¢,1,Community
2309,The teacher is strict,1,Constructive Criticism
2310,"I nailed almost every question in the listening and grammar sections, but failed to answer most of the vocabulary question's, what level am I at?",1,Questions
2312,This  video is lit . â¤,1,Positive Feedback
2316,Thanks Ms.Marina,1,Positive Feedback
2321,"It's OK to use contractions on the speaking test for either TOEFL or IELTS, just not on the written test portion.  The spoken test prioritizes natural language usage, or casual English.  Conversely, the written test prioritizes formal English usage.",1,Promoting socials
2325,"C1-C2, me: Iâ€™ll just sit here and watch MarinağŸ—¿",1,Personal Story
2328,Hi my name is lima from afghanistan i am very thankful from you because i learn too much english from you i am female 16 years old in afghanistan we can not go to school so i follow you i wanna be your friend again thanks for helping me,1,Positive Feedback
2331,"Hey ! Marina ! Thanks for this attractive content! By the way is have a question you've said at the and of your video that we got to drop the idea of sounding perfect! I'm not so with you i. This point, because we're learning in order to sound better than before as the time goes by. Hope you're going to answer my question!!!",1,Questions
2332,The fantastic explanation for each preposition when to use and your teaching is mind-blowing and not boring at all.  I am following all the videos and improving my communication. Thanks and finally want to say you look awesome and gorgeous.!,1,New Subscriber
2336,Mam I want to learn English with you ...what is the registration process and fee?,1,Questions
2340,Thank you so much for this meditation. I love it â¤ï¸,1,Community
2343,I love you medam I m sorry but really I feel you nice your speak English ğŸ˜Š I m sorry but ğŸ˜…,1,Joking
2347,Linguamrina my favourite teacher,1,Positive Feedback
2348,You don't know how to share a link,1,Technical Issues
2352,"Hi marina 
I'm an Egyptian and I wanna thank u so much
I really learned alot from u 
And you were my inspiration to create my YouTube channel 
For teaching English 
Thank u so much marina â¤",1,New Subscriber
2355,"I'm crying, thanks for support. â¤
I' m dreaming to make travel video make new friends, I want to write songs.  I want to be able to contact the whole world.",1,Positive Feedback
2360,"hello marina, in a several day i have watch your video and im very interesting because my english is not fluently, i wish may wathching your video can make me better to the future and can speak fluently",1,New Subscriber
2368,"Marina, you are not a teacher and have no right to teach anyone without CELTA and other certifications. Which you won't get because you are too busy fooling people for money. It's so easy to have editors and real teachers who will check text and your pronunciation and you even not doing it.",1,Trolling
2370,My biggest dream in life is to be independent and help others...Fulfill my parents' dreams...,1,Personal Story
2375,literally i'm feeling so greatfull and feels good after seeing this video i ;romise i'm gonna listen it eceryday before sleeps thank you so much for your hard work to make us more concious to our dreams and to work hard tbh i'm a science student but i'ave dreamed to be a billionaire and try to change the world and help people as much as i can.,1,Personal Story
2378,"it's really give me lots of knowledge about how to spent life happily hoe get success in life 
i want to become a business man that's why i want to learn English-speaking 
thank you for this valuable information
please make some other's videos like this",1,Requests for Future Content
2379,Thank you so much for this meditationğŸ˜,1,Positive Feedback
2385,Hi  you are the Best,1,Positive Feedback
2386,Hi  you are the Best,1,Positive Feedback
2404,"Plsssss,,give us YOUR vedios with english subtitle,,,",1,New Subscriber
2405,Pleas make video how can know the apes of english,1,Requests for Future Content
2409,"Thank you, Doctor, for your effort with usğŸ¥°",1,Positive Feedback
2414,"How can i get the FREE workbook , i wrote my email but i donâ€™t get anything. Please help",1,Requests for Future Content
2419,Thank you,1,Positive Feedback
2421,I didnÂ´t receive the 30 days english challenge in my email :c,1,Joking
2422,Wow Incredible channel I can understand English without subtitles ...absolutely you're best teacher in the language English.. Thankyou Marina.,1,Positive Feedback
2425,"I'm gonna take TOEFL in a month and was so scared that it's not enough, but thanks to your video I've become more confident about the TOEFL. Thank you so much",1,Positive Feedback
2430,I love you videos. You videos not only useful but it also greatâ¤â¤ğŸ‰,1,Personal Story
2431,Hi iM from pakistan i have been seeing your video since 2018,1,New Subscriber
2434,Thanks for creating this video,1,Positive Feedback
2435,This video was not useful for me. It doesnâ€™t answer the question of the video,1,Questions
2436,Thank you so much mrs,1,Positive Feedback
2443,because you i can speak english and learning language englishğŸ˜¢,1,Joking
2444,"This video is mesmerizing moreover your videos are essential for me to develop my speaking skill . In addition to that, your work is impressing which helps me to develop my english language. Hope it's enough to acquire  an impressive result for my upcoming test",1,New Subscriber
2451,I love u â¤ you are my real my English speaking teacher I respect u and I have C1 certificate from speaking and  there are all of from youâ¤,1,Personal Story
2454,"Hi Marina. I'm from Indonesia, I m really grateful getting your youtube channel. Encourage me to have big dream. As you know because of English I got my first job, and because of English too I have chance to work again as a English teacher  after 10 years  at home. Your video gives positive vibes and energy, I want to improve my English more and more. I want to be more confident with my English. Thanks so much and love u",1,New Subscriber
2456,"I am punwasi John from India, Please help me learn english language.",1,Personal Story
2457,I would like to talk to you,1,Community
2463,what kind of teaching is that,1,Questions
2471,Good morning mam ğŸ‰,1,Positive Feedback
2472,Where is the link?,1,Questions
2478,"I have been studying English for two years and I could reach the intermediate level , but , I am feeling stuck in this level ğŸ˜¢ . I am finding ways to reheat my wish to learn .",1,Personal Story
2479,"I like you women . You so cute ,lovely and karisma",1,Positive Feedback
2485,I love this type of video â¤â¤â¤,1,Personal Story
2487,"I love you Marinaâ¤â¤â¤ Please marinoo dont drank alcohol its very very bad... In Islam, we do not drink alcohol because it is destroy the body and harmful . Alcohol has both harms and benefits , but its harms are greater than its benefits. And its forbidden
 Marina i love you so much",1,Positive Feedback
2488,"This video helps me so much â¤ talking slowly this way gives me confidence... 
Thank you so much",1,New Subscriber
2489,"You're right Marina! To know a language can change your life, can make you feel you really alive!",1,Positive Feedback
2491,Hello. I am from Uzbekistan and I wanna buy this book. Can I buy? How?,1,New Subscriber
2494,Hello Marina can i find your book on Flipkart and amegon apps,1,New Subscriber
2496,"â€œNo one is telling you you have to finish itâ€ 

My teacher:â€¦.",1,Error in the video
2497,Will download this and listen every day â¤â¤ best regards ever,1,Positive Feedback
2499,"Thanks for the video,
This episode on another level â¤ I love this slow talking",1,Error in the video
2504,hey mam can y teach french?how much will it cost ?,1,Questions
2505,I am watching you from Algeria ğŸ‡©ğŸ‡¿ğŸ‡©ğŸ‡¿ğŸ‡©ğŸ‡¿â¤,1,Positive Feedback
2512,"Really motivating â¤ï¸
Thanks marina!!",1,Positive Feedback
2514,Why C1 is hard for me. I am stuck in B2,1,Questions
2518,"I want to learn this accent, but what if others notice me and think she is just overacting? Can you please help me.",1,Questions
2520,I am from Germany and I am 15 years old. I wanna improve my English skills. If anyone in the comments wants to lern German or lern guitar playing basics then answer this comment.,1,Personal Story
2521,Thanks,1,Positive Feedback
2526,lm native speaker Kurdish and Turkish language. l learned Engilsh after 34 years old and now lm try to learning Chinese  language.,1,Collaboration Offers
2528,You are an excellent teacher. Congratulations for your work. Wish you a happy life madam,1,Positive Feedback
2532,I tried to talk to myselfâ€¦ It is a great way to get more from english and fun somehow! :))),1,Personal Story
2535,I have been following linguamarina for 1 day becz my papers start am very confused in preposition thnks for guide thnks alot,1,New Subscriber
2536,"Never Let Them Know Your Next Move


âœ¨Indian Englishâœ¨",1,Error in the video
2543,Thank you about your beautiful content,1,Positive Feedback
2544,"Thank you so much for this meditation. It's very useful for me.
I don't believe much on me, in my ability on learning English. 
But I really want to learn English because my son is living and working in Canada and I want to travel and communicate with others fluently, not only when I travel to Canada of course, also when I travel anywhere I want to go.
Again, thanks a lot for yours videos.",1,New Subscriber
2554,"Hey marina !!!!
I'm just thinking that how much your videos have made me this able that  l can speak like a native speaker
Kudos and lot of appreciationğŸ‘",1,Positive Feedback
2555,"I have been following Linguamarina for 1 years.
I have been following Linguamarina since 2022

so thanks you â¤",1,Positive Feedback
2560,Can u do more like this video its very helpful,1,Requests for Future Content
2564,You sound tip top. Good on ya,1,Positive Feedback
2567,Great content ğŸ¤,1,Joking
2569,"Who is studying this for tomorrow's exam ğŸ˜‚

 Congratulations to the students ğŸ‰

This class was so helpful â¤â¤",1,Positive Feedback
2573,That's great ...,1,Positive Feedback
2579,Thank you so much for such useful tips!,1,Positive Feedback
2584,I'm nice â¤â¤â¤â¤â¤ thank yuoâ¤â¤â¤â¤â¤,1,Positive Feedback
2587,I m following you Ma'am ....from India â¤ï¸ğŸ‡®ğŸ‡³,1,Positive Feedback
2589,Your so pretty,1,Positive Feedback
2590,What is going on?!? You are awesome teacherğŸ˜® Iâ€™m just reach enough English level to get what you tellingâ€¦..itâ€™s so coolğŸ˜¢,1,Questions
2591,Great work appreciate plz upload lot,1,Positive Feedback
2593,This two teacher are my favourite teacher ğŸ˜ŠğŸ˜Š,1,Joking
2594,So amazing i rely like your way of teaching,1,New Subscriber
2595,I love your usefully video,1,Positive Feedback
2599,"I haven't studied and used English for months, so I feel like I've forgotten everything but I need it at school",1,New Subscriber
2600,I'm here because of my procrastination :'),1,Joking
2609,I feel like I won't be successful with learning English,1,New Subscriber
2613,I'm so happy that i listened this   meditationâ¤,1,Positive Feedback
2615,"Hello, i'm from Brazilian. Good video! 
 My dream is to teach what I like to do, play basketball.",1,Personal Story
2617,This is very impressive â¤â¤â¤,1,Personal Story
2620,I was C2!! I didn't take any exam but I thought I had a B1 or something...,1,Personal Story
2624,hello I'm planning to prepare for the exam. Btw the link for the 30 verbs does not work well :( Can I get the one?,1,Requests for Future Content
2627,thank you,1,Positive Feedback
2630,Can you please show me some websites where i can learn english vocabulary through pictures :) ?,1,Requests for Future Content
2632,"thank you, Marina,  my schools of vietnam only learn English level literature, not applyed dailly english-speaking,listening,writing, reading in dailly living., you give me happiness your video, quality video and audio,, your good channel, thank you very much about your accent",1,Positive Feedback
2633,the advanced test was really hard for me..,1,Requests for Future Content
2636,"creating a different source of income in these difficult times is the best thing to do. Not only does it guarantee profits, it also helps you plan and save for future expenses. It can be quite difficult to make an investment without sound knowledge or guidance, which is why it is advisable to work with an investment advisor.",1,Personal Story
2637,"creating a different source of income in these difficult times is the best thing to do. Not only does it guarantee profits, it also helps you plan and save for future expenses. It can be quite difficult to make an investment without sound knowledge or guidance, which is why it is advisable to work with an investment advisor.",1,Personal Story
2638,thank you i love this speak,1,Positive Feedback
2643,"Thanks Marina. 
Thank you so much for making such a helpful video. 
Love it from bottom of my heartğŸ’•..",1,Positive Feedback
2644,I study English language because l wanna go to abroad country.. get scholarship or good jobğŸ˜Šâ¤,1,New Subscriber
2650,Great BritainğŸ§,1,Community
2652,"just do ur best to express urself, no need to waste speak like native.",1,Personal Story
2659,Hi friend very nice video I am Indian boy i really i like this vidio â¤â¤â¤,1,Positive Feedback
2661,Wow! Just amazing how much you've simplified the usage of commas for me. I must appreciate the effort you've put into it.,1,New Subscriber
2662,I think my biggest wish is to move to another country and start a new life â¤â¤â¤,1,Personal Story
2664,Oh you really made my day thank you â¤,1,Positive Feedback
2673,"Thanks
It's very helpful for me....",1,Positive Feedback
2677,Hi marina I'm just a little bit concerned that the assimilation and other things that you explained can be used  while taking the ilet or toefl speaking test ğŸ¤”,1,Joking
2690,"when teacher started teaching a new topic about pronouncation 

Teacher;as an introduction is there any student who can tell me some english orginal words pronunciation with their current versionğŸ§ğŸ§
Me;Lot=load
But=bÉ™d
sport=spoard
Sister=sidder
Goat=messiğŸ¤’ğŸ¤’
Teacher;Nice student our topic is finished students' take note from what he toldğŸ˜‚ğŸ˜‚",1,Positive Feedback
2693,Thankyou,1,Positive Feedback
2704,Thank you very much!,1,Positive Feedback
2709,Thks for the tutorial and also the notion template itself,1,Requests for Future Content
2711,Lucy and you are Pretty.  I don't know the meaning of the word pretty cause I am Bengali but  now I am the beginner of learning English and if the work means at the lower anything both are very exquisite ğŸ˜Š  I am exactly apollogy for myself,1,New Subscriber
2712,I love your face so I have been learning english from you.,1,New Subscriber
2713,"Thank you so much Marina, it's very useful for me. I want to travel to the US and  will improve my English skills to do it",1,Positive Feedback
2714,Im interesting to study with you but i have some questions about your course that I gotta study with you by zoom one by one or i have to learn by myself by your videos ?,1,Questions
2715,"I've been following Linguamarina for 2 days
I've been following Linguamarina since yesterday
She is really good, I love her courses.",1,New Subscriber
2723,Why can't I get the workbook? I have tried so many times but i've received nothing,1,Requests for Future Content
2726,Thank you so much MarinağŸ™ğŸ™Œ,1,Positive Feedback
2728,"Yeah,but however is for ESSAYS....and it sound even more stuppid.That's how It is, when you have fluent, quick conversation.",1,Promoting socials
2729,I really enjoy your videos! I am trying to avoid translating from English to my native language. It's difficult at the beginning but I am doing n my best to improve my skills. You are an example and someone who inspires to achieve our goals.,1,New Subscriber
2731,i've learned a lot from your video thanks <3,1,New Subscriber
2734,"I want to become a singer! Iam in the 9th class and I play piano, guitar, e guitar and i can sing, so... I gonna make it",1,Personal Story
2735,"It's possible study english learning other language without your original idiom???? Example my original idiom is Spanish, but I am going to study Russian using English  less  my proposed it's learn English without thinking in Spanish",1,Questions
2740,thank so so much for this videoğŸ¤ğŸ¤,1,Positive Feedback
2744,My dearest and world best English teacher intend to be with you for my best life style.,1,Personal Story
2748,"Hi, dear sweet speaker in English love you to chat with you work with you and do anything for you.",1,Positive Feedback
2750,How soothing this is to hear!   ğŸ¤,1,Personal Story
2751,Great ğŸ‘ğŸ½,1,Positive Feedback
2753,I learn whole sentences saying them aloud. 5 days - 300 repetitions per day at least. Later I don't need to translate. I know the meaning of words straight away like in my native language. And also I remember the meaning longer than by learning separate words. This method is called: chunking. It was a real game changer in my learning process and communication skills in English and other languages.,1,New Subscriber
2754,I learn whole sentences saying them aloud. 5 days - 300 repetitions per day at least. Later I don't need to translate. I know the meaning of words straight away like in my native language. And also I remember the meaning longer than by learning separate words. This method is called: chunking. It was a real game changer in my learning process and communication skills in English and other languages.,1,New Subscriber
2756,My best teacher forever,1,Collaboration Offers
2757,I feel so sad because you can not provide download options ğŸ˜¢,1,Technical Issues
2767,"Ok..teacherÂ¨..thanks..for,,allÂ¨Â¨...from..pensilvania/colombi...I..see..yours,,videoSÂ¨Â¨",1,Positive Feedback
2771,I like your approach.. Really creative,1,Positive Feedback
2776,"Assalam u Alaikum , i wanna become a linguistic and dietitian . Really like it ...thanks keep making these kinds of videos..Thankss from Pakistan",1,Positive Feedback
2778,Thanks very interestingğŸ˜Š,1,Positive Feedback
2783,Hi dear how do you do whenever I got chance to message you I would reply you otherwise no chance dear according to here climate is very hot nobody tolerate our hot temperature dear even though we have to strive our life because has to eat day to day life dear I thought long days have to start one small business in my life but if I got money business is so far if I got business money is no more what to do dear that is called  life as for I know,1,Questions
2785,"It is amazing .it was motivation for me ,Marine thanks a lot for this I am From Uzbekistan Urgench I want to be  the best and a kind teacher in my city",1,Personal Story
2788,"I have been unemployed for 3+ years after college (2020)  I applied for jobs like customer service, data entry operator, assistant teacher, and bakery shop staff, secretary operator none of the companies selected me it was because my English speaking was weak made me anxious thought how come my English must be bad if I have studied English medium school for 12 years I spent my half-life just a waste of time. It is devastating seeing people around me achieving their goals but I am all the way below and that made me give up. I can't express my feelings to my surroundings because somehow those people would gossip about my weakness and would talk behind my back. Then a year ago I imagined myself being dressed like a supermodel I thought about what would happen if I became an actress then something came to my earlier school years I acted once as a grandma on the theatre stage in my own mother tongue where all my friends and the audience were happy to see my wonderful act performance on the stage  that I have shown them my parents friend came up to me with lots of ""wow my girl you did an amazing job there"" thanks to all my teachers who helped me that dayâ¤, now I feel  I want to become an international actress working in Hollywood industries when I think of it, I feel worried about  my accent in English, my race, and my physique not making it through that when negative thoughts come to me for not being what is meant for me and that's where it stops me keeps me behind, I don't want become popular or have tons of worth properties or money, i just want to help myself and if that helped me i would love  to help everyone welcoming  everyone that its okay you have got to accept the pain in good way like not giving up yourself thank for this wonderful video love your content
who ever has read my comment I would love to share a quote from Michael Jordan â€œIf you quit ONCE it becomes a habit. Never quit!!!â€
lots of love everyone tcğŸ¥°ğŸ¤©",1,Personal Story
2789,Yes we need more classes please,1,Requests for Future Content
2814,How can I improve listening,1,Questions
2819,i will teach you how you and me make inosation to give new one succor,1,Collaboration Offers
2823,Thanks dear ğŸ˜˜marina. love  and Respect  from Afghanistan â¤,1,Positive Feedback
2832,you would definitely need time to memorize the words and use then that will cost you time. 7minutes won't be enough. for 5 words i guess you can reduce the number of words.,1,Personal Story
2833,"Hello, Marina you provide your lesson excellant, I'm learning English watching your video, thank you so much for this. You say, you lived in St. Peterburg. Do you know Russian?",1,Positive Feedback
2840,I love the way you sharing,1,Positive Feedback
2846,"I dare talk, you are amazing teacher forme .â¤",1,Positive Feedback
2847,This meditation inspired me a lot thanks marina for you are effort and kindness from today I set my mind â¤ï¸ğŸ«¶ğŸ¾,1,Positive Feedback
2849,I am learning English because I want to connect this world ğŸŒ,1,Promoting socials
2850,idk y but i can understand what u saying then other english speaker. thank u for making this video,1,Error in the video
2853,I'm from Timor-Leste and I have been teaching English for many years and still confused on this preposition but when I watched this video it can help lots about prepositions for location,1,Error in the video
2856,Thanks alot for your sacrificing lingua marina your vedioes is help full and motivated to every language learner not just in english learners i was struggling english for the last yrs in my life for seeking perfection but after today I'll keep trying for easily communication and enjoying the process i wish ill achieve my goal as soon as possible ğŸ˜Š,1,Positive Feedback
2857,Thanks for teaching us ğŸ˜â¤â¤,1,Positive Feedback
2858,I have learned many many things from you â¤â¤ğŸ˜Š,1,Positive Feedback
2859,You are my best teacher ğŸ˜®â¤,1,Positive Feedback
2863,"ğŸ˜Šhey r u all from us nd uk??

M from India ğŸ˜Š
Nice to meet u all here

Do u all know Hindi ??

And do u all listen India Bollywood songs??

I love Bollywood songs and i also use to upload youtube shorts on this ğŸ˜Š

Before I have started uploading daily use hindi sentences in english but very few were watching so ğŸ˜…ğŸ˜…I have started uploading act of mine on Bollywood songs ğŸ˜…ğŸ˜…

I would love to invite you all on my channel ğŸ˜

And can suggest whatever knowledge u would like to learn,i will love to make the video for the sameğŸ˜Š",1,Questions
2864,I watching your video before 2 n 3 month. Your video is very usefull. Thanks for make a video.,1,Positive Feedback
2865,Basic is always proper.....than advance!!,1,Personal Story
2867,I hope i can working in south Korea,1,Questions
2869,she are a international school student,1,Personal Story
2874,"Very exceptional video dear babe...
I watched this video but I felt so profoundly gleeful after watched this video...",1,New Subscriber
2876,"Thank you so much.
Glad to hear your voice...
Me from Bangladesh",1,Positive Feedback
2880,"Here in Rio de Janeiro are 20:20 Pm  Sunday,September 24 ,2023. Marina you're the best Always,see you again soon bye bye !",1,Timestamps
2887,"Thank u now I know, I'm B1.
'Preciate it.",1,Positive Feedback
2888,Please help me! I need to enter STANDFORD UNIVERSITY â¤,1,Positive Feedback
2892,Please dont promote all this,1,Questions
2900,This meditation was inspiring! Thanks a lot!,1,Positive Feedback
2901,"I love you Marina, you are very simple and always smiling i'm learning English and smiling from you.. Big â¤ from Iraq ğŸŒ¹ğŸŒ¹I'm proud of you ğŸ˜Š",1,Positive Feedback
2919,Thanks Ma'am,1,Positive Feedback
2922,I love you so much you are very talented teacher for me,1,Positive Feedback
2923,All the best for your small and big success in your future.,1,Positive Feedback
2938,I wanna study PhD Nursing abroad in Washington university (I wanna help people more than in thailand and i wanna have more experience when I go to study) and Iâ€™ve learned english from your channel for a long time. Thank you for your kindness to help everyone. I love your channel. Iâ€™m a big fan of yours â¤â¤â¤â¤â¤,1,New Subscriber
2947,"Mam your all English learning meditations are assisting me to improve my English skills in a better way.....

Inshallah very soon I will be fluent in English language ğŸŒ¸",1,Positive Feedback
2961,Nice tnx alot. Me From Afghanistan your Student at now.,1,Positive Feedback
2964,Nonsense teaching you never teach you only make youtube tocher .,1,Joking
2966,"Frist of I would like to thank you for this amazing motivation video I had must needed it, hey mam I from ğŸ‡®ğŸ‡³ India and I'm learning English cause I want perfect job who get paid me enough so that I can feed my family without  facing any  problem and want to travel most of the countries meeting new people and have coversation. I don't know I'm writing good english or not but this what I wanted to say I glad  that I found your YouTube channel and learning through thank you very much I really appreciate itâ¤â¤â¤ IndiağŸ‡®ğŸ‡³.",1,New Subscriber
2975,This video made my day full of positive vibs and energy! Thanks for your love and encouragement ğŸ¥°,1,Positive Feedback
2983,I speak Burmese and it doesn't have articles at all,1,New Subscriber
2988,Can i still get financial aid for masters as an international students if my gpa is 2.6,1,Questions
2998,"You have such powerful and beautiful effective way to motivate your subscribers and all other to go forward in their goals what ever it's.

I look forward to hear from you a lot and a lot because you're a lifesaver â¤",1,New Subscriber
